epoch,time,train/box_loss,train/cls_loss,train/dfl_loss,metrics/precision(B),metrics/recall(B),metrics/mAP50(B),metrics/mAP50-95(B),val/box_loss,val/cls_loss,val/dfl_loss,lr/pg0,lr/pg1,lr/pg2
1,8.89808,5.39183,3.58912,1.34883,0.35281,0.3361,0.27253,0.09168,4.40501,1.74718,0.91661,0.0002,0.0002,0.0002
2,18.1251,4.15778,1.63465,1.00712,0,0,0,0,nan,nan,nan,0.000419584,0.000419584,0.000419584
3,26.6254,3.75086,1.10112,0.96396,0,0,0,0,nan,nan,nan,0.000638733,0.000638733,0.000638733
4,35.2214,3.87919,1.0422,0.97095,0,0,0,0,nan,nan,nan,0.000857446,0.000857446,0.000857446
5,43.9144,3.76164,0.95935,0.97061,0,0,0,0,nan,nan,nan,0.00107572,0.00107572,0.00107572
6,52.4834,3.89443,1.09189,0.9689,0,0,0,0,nan,nan,nan,0.00129356,0.00129356,0.00129356
7,61.1566,3.89333,0.9941,0.96156,0,0,0,0,nan,nan,nan,0.00151097,0.00151097,0.00151097
8,69.9103,3.99973,1.05251,0.97758,0,0,0,0,nan,nan,nan,0.00172794,0.00172794,0.00172794
9,78.7143,3.87813,1.03033,0.96563,0,0,0,0,nan,nan,nan,0.00194448,0.00194448,0.00194448
10,87.2892,4.11561,1.05726,0.98954,0,0,0,0,nan,nan,nan,0.00198218,0.00198218,0.00198218
11,95.8913,3.72757,0.97242,0.9638,0,0,0,0,nan,nan,nan,0.0019802,0.0019802,0.0019802
12,104.803,3.98728,0.98089,0.95315,0,0,0,0,nan,nan,nan,0.00197822,0.00197822,0.00197822
13,113.923,3.72028,1.0415,0.94588,0,0,0,0,nan,nan,nan,0.00197624,0.00197624,0.00197624
14,122.986,3.83387,1.06064,0.95058,0,0,0,0,nan,nan,nan,0.00197426,0.00197426,0.00197426
15,131.887,3.71658,1.00758,0.94928,0,0,0,0,8.15189,inf,2.53763,0.00197228,0.00197228,0.00197228
16,140.748,3.79326,0.99833,0.98663,0,0,0,0,5.01048,inf,1.06146,0.0019703,0.0019703,0.0019703
17,149.772,3.72379,0.9625,0.94657,0.45109,0.34154,0.33181,0.10929,4.46687,1.24815,0.97323,0.00196832,0.00196832,0.00196832
18,158.917,3.84103,0.97565,0.94235,0.48898,0.39433,0.3746,0.12767,4.24987,1.13976,0.9406,0.00196634,0.00196634,0.00196634
19,168.225,3.78226,0.98849,0.95325,0.46188,0.26267,0.29617,0.11912,4.06082,1.1996,0.97585,0.00196436,0.00196436,0.00196436
20,177.14,3.56036,0.92915,0.93998,0.43495,0.16089,0.20025,0.0793,4.75347,1.69256,1.08898,0.00196238,0.00196238,0.00196238
21,185.966,3.47448,0.90868,0.93698,0.44104,0.12096,0.15973,0.05859,5.54164,2.06344,1.25402,0.0019604,0.0019604,0.0019604
22,195.009,3.4681,0.91987,0.93798,0.15118,0.08875,0.13032,0.04659,6.0919,2.6344,1.42843,0.00195842,0.00195842,0.00195842
23,203.993,3.70317,0.93811,0.9178,0.5622,0.42224,0.4518,0.16207,4.04237,1.02789,0.91676,0.00195644,0.00195644,0.00195644
24,213.215,3.67764,0.95977,0.94869,0.61057,0.45777,0.49199,0.18758,3.86443,1.11351,0.90588,0.00195446,0.00195446,0.00195446
25,222.504,3.69639,0.96067,0.94025,0.58066,0.49041,0.4858,0.18935,3.65704,1.02991,0.89217,0.00195248,0.00195248,0.00195248
26,231.745,3.74244,0.96242,0.92836,0.59471,0.43916,0.47887,0.17687,3.82208,1.3115,0.89649,0.0019505,0.0019505,0.0019505
27,240.729,3.62451,0.92621,0.93655,0.61244,0.44389,0.49339,0.18983,3.83508,1.07259,0.90405,0.00194852,0.00194852,0.00194852
28,250.07,3.56232,0.93551,0.92463,0.62002,0.45949,0.50406,0.20668,3.69975,1.02978,0.89843,0.00194654,0.00194654,0.00194654
29,259.188,3.41543,0.8954,0.94045,0.60747,0.47581,0.50866,0.20326,3.78488,0.95487,0.90572,0.00194456,0.00194456,0.00194456
30,268.027,3.48987,0.8943,0.93854,0.62495,0.501,0.54291,0.22398,3.59343,0.93871,0.88654,0.00194258,0.00194258,0.00194258
31,277.357,3.45919,0.93262,0.9214,0.63788,0.4635,0.50428,0.20398,3.59464,1.364,0.88882,0.0019406,0.0019406,0.0019406
32,286.219,3.56052,0.93014,0.92257,0.58408,0.43581,0.46856,0.1651,3.92713,1.13957,0.88856,0.00193862,0.00193862,0.00193862
33,295.325,3.5586,0.92823,0.92808,0.60205,0.45205,0.50104,0.19416,3.72177,0.92891,0.8815,0.00193664,0.00193664,0.00193664
34,304.36,3.40036,0.89274,0.91492,0.60098,0.47867,0.52522,0.21276,3.6204,0.90127,0.87765,0.00193466,0.00193466,0.00193466
35,313.302,3.45652,0.8933,0.91501,0.63624,0.48195,0.53,0.19774,3.86351,0.93053,0.89202,0.00193268,0.00193268,0.00193268
36,322.322,3.44799,0.8776,0.91824,0.62896,0.49943,0.54399,0.21581,3.59342,0.89553,0.88206,0.0019307,0.0019307,0.0019307
37,331.355,3.53688,0.90659,0.92908,0.61982,0.48654,0.52865,0.21118,3.66668,0.89896,0.88692,0.00192872,0.00192872,0.00192872
38,340.342,3.49471,0.90332,0.91441,0.6588,0.48583,0.54802,0.23037,3.54295,0.87944,0.87745,0.00192674,0.00192674,0.00192674
39,349.514,3.40359,0.86834,0.91585,0.64877,0.50988,0.55404,0.22719,3.62257,0.91358,0.88072,0.00192476,0.00192476,0.00192476
40,358.39,3.29411,0.84875,0.91274,0.64745,0.46064,0.51029,0.20161,3.83001,0.91506,0.90779,0.00192278,0.00192278,0.00192278
41,367.454,3.26746,0.85536,0.9127,0.52531,0.46479,0.4756,0.17968,3.88602,0.93158,0.88514,0.0019208,0.0019208,0.0019208
42,376.399,3.39765,0.87794,0.89819,0.6141,0.51346,0.55311,0.22381,3.62706,0.87434,0.87992,0.00191882,0.00191882,0.00191882
43,385.298,3.29903,0.85969,0.90808,0.67471,0.50816,0.56463,0.2382,3.53596,0.85793,0.88154,0.00191684,0.00191684,0.00191684
44,394.575,3.33889,0.86745,0.90774,0.6443,0.49887,0.54833,0.23507,3.49983,0.85534,0.88528,0.00191486,0.00191486,0.00191486
45,403.509,3.31839,0.85713,0.9141,0.61061,0.51975,0.55778,0.23546,3.49815,0.85223,0.87865,0.00191288,0.00191288,0.00191288
46,412.552,3.35566,0.87562,0.89879,0.6304,0.51517,0.56453,0.22892,3.60717,0.85658,0.88355,0.0019109,0.0019109,0.0019109
47,421.521,3.36921,0.85809,0.91046,0.68223,0.499,0.56276,0.23677,3.48263,0.87087,0.87374,0.00190892,0.00190892,0.00190892
48,431.148,3.25491,0.83408,0.92246,0.69742,0.48237,0.5485,0.23086,3.53628,0.94226,0.88524,0.00190694,0.00190694,0.00190694
49,440.185,3.28361,0.83988,0.90559,0.67644,0.50574,0.57208,0.24868,3.34182,0.89431,0.87066,0.00190496,0.00190496,0.00190496
50,449.766,3.35807,0.84821,0.89337,0.6482,0.49716,0.55285,0.2155,3.57948,0.87729,0.87487,0.00190298,0.00190298,0.00190298
51,458.76,3.36398,0.86706,0.90763,0.68512,0.52319,0.58235,0.2433,3.44689,0.86782,0.87375,0.001901,0.001901,0.001901
52,467.861,3.23818,0.83993,0.89293,0.67696,0.49227,0.569,0.24488,3.39375,0.8442,0.87187,0.00189902,0.00189902,0.00189902
53,476.799,3.15483,0.82978,0.90709,0.6614,0.47896,0.55091,0.2352,3.45802,0.87112,0.87729,0.00189704,0.00189704,0.00189704
54,485.968,3.35018,0.84056,0.89668,0.68331,0.47295,0.54458,0.23043,3.49478,0.87001,0.87862,0.00189506,0.00189506,0.00189506
55,494.891,3.20993,0.83724,0.91308,0.64482,0.51703,0.56868,0.23727,3.46086,0.83281,0.87293,0.00189308,0.00189308,0.00189308
56,503.801,3.22049,0.83242,0.89171,0.67876,0.52233,0.58326,0.24979,3.40961,0.83871,0.87017,0.0018911,0.0018911,0.0018911
57,513.049,3.22244,0.83613,0.89571,0.68763,0.52244,0.58399,0.26065,3.33486,0.82741,0.86897,0.00188912,0.00188912,0.00188912
58,522.419,3.2097,0.80963,0.88168,0.69072,0.5302,0.59624,0.26469,3.31689,0.85059,0.86736,0.00188714,0.00188714,0.00188714
59,531.508,3.06853,0.80424,0.89072,0.68756,0.5185,0.58772,0.26346,3.31058,0.83489,0.8674,0.00188516,0.00188516,0.00188516
60,540.507,3.31196,0.82449,0.89594,0.69026,0.48839,0.55584,0.23372,3.54836,0.84308,0.88027,0.00188318,0.00188318,0.00188318
61,549.528,3.2626,0.82359,0.89174,0.65848,0.5262,0.58008,0.2415,3.4225,0.81808,0.86789,0.0018812,0.0018812,0.0018812
62,558.462,3.22179,0.81998,0.9025,0.6368,0.51889,0.56486,0.22784,3.49111,0.86065,0.86952,0.00187922,0.00187922,0.00187922
63,567.438,3.23322,0.85235,0.88635,0.69666,0.5408,0.60636,0.2747,3.18817,0.82566,0.86267,0.00187724,0.00187724,0.00187724
64,576.841,3.15509,0.81559,0.89675,0.62796,0.51462,0.56539,0.24113,3.40618,0.83432,0.86492,0.00187526,0.00187526,0.00187526
65,585.879,3.12238,0.81616,0.89729,0.70755,0.50472,0.58732,0.26668,3.25548,0.79066,0.86794,0.00187328,0.00187328,0.00187328
66,594.879,3.23671,0.8228,0.89262,0.72428,0.49284,0.57806,0.25969,3.31491,0.80472,0.87223,0.0018713,0.0018713,0.0018713
67,603.99,3.13277,0.80149,0.88775,0.69273,0.52182,0.59419,0.2574,3.29774,0.80182,0.86446,0.00186932,0.00186932,0.00186932
68,613.009,3.1588,0.83467,0.89581,0.71897,0.54838,0.61638,0.2757,3.22235,0.81516,0.86247,0.00186734,0.00186734,0.00186734
69,622.265,3.19378,0.80824,0.88358,0.71983,0.5465,0.61432,0.27683,3.21896,0.83795,0.86355,0.00186536,0.00186536,0.00186536
70,631.451,3.15608,0.8122,0.88835,0.66457,0.5481,0.59937,0.27304,3.21027,0.81585,0.86325,0.00186338,0.00186338,0.00186338
71,640.508,3.15088,0.80826,0.88807,0.70791,0.5199,0.5813,0.2586,3.38499,0.89528,0.8738,0.0018614,0.0018614,0.0018614
72,649.496,3.15301,0.79906,0.88963,0.72394,0.51474,0.59287,0.26688,3.30112,0.85471,0.86522,0.00185942,0.00185942,0.00185942
73,658.663,3.18166,0.81253,0.896,0.67599,0.51726,0.5839,0.24968,3.40201,0.83632,0.86623,0.00185744,0.00185744,0.00185744
74,667.627,3.10678,0.79139,0.89148,0.71517,0.54881,0.61585,0.28131,3.1987,0.79663,0.86296,0.00185546,0.00185546,0.00185546
75,676.89,3.07103,0.7876,0.87915,0.70721,0.55812,0.62237,0.29018,3.14316,0.77608,0.85828,0.00185348,0.00185348,0.00185348
76,686.338,3.04006,0.7818,0.88249,0.66466,0.56341,0.61204,0.27598,3.22357,0.78501,0.85864,0.0018515,0.0018515,0.0018515
77,695.258,3.11585,0.7925,0.89696,0.69243,0.54538,0.60978,0.27632,3.20841,0.80887,0.85979,0.00184952,0.00184952,0.00184952
78,704.088,3.10156,0.80082,0.8909,0.69264,0.54437,0.60357,0.27252,3.20967,0.81011,0.8605,0.00184754,0.00184754,0.00184754
79,713.19,3.03314,0.7886,0.87778,0.68691,0.54864,0.60708,0.2629,3.30534,0.80474,0.86293,0.00184556,0.00184556,0.00184556
80,722.21,3.05178,0.79304,0.87683,0.72388,0.55339,0.6261,0.28396,3.14591,0.77058,0.85965,0.00184358,0.00184358,0.00184358
81,731.274,2.91567,0.75426,0.88035,0.70044,0.56356,0.62679,0.28892,3.12048,0.755,0.85597,0.0018416,0.0018416,0.0018416
82,740.37,3.1058,0.77962,0.90411,0.68354,0.55711,0.61917,0.28697,3.10321,0.76407,0.85717,0.00183962,0.00183962,0.00183962
83,749.403,3.09484,0.78316,0.88461,0.6706,0.54366,0.60555,0.26708,3.27877,0.80712,0.86408,0.00183764,0.00183764,0.00183764
84,758.466,3.05148,0.77611,0.8776,0.71824,0.55243,0.6219,0.28926,3.13637,0.78094,0.85963,0.00183566,0.00183566,0.00183566
85,767.458,3.01491,0.7974,0.90871,0.69131,0.56284,0.62138,0.28228,3.17427,0.79379,0.85972,0.00183368,0.00183368,0.00183368
86,776.56,3.06522,0.79689,0.88183,0.67798,0.54767,0.60716,0.26467,3.29072,0.81197,0.86247,0.0018317,0.0018317,0.0018317
87,785.488,3.08322,0.81207,0.8929,0.71419,0.51031,0.57879,0.25736,3.30634,0.80281,0.87116,0.00182972,0.00182972,0.00182972
88,794.73,3.07508,0.78851,0.87964,0.6988,0.51646,0.58135,0.26456,3.20674,0.78215,0.87002,0.00182774,0.00182774,0.00182774
89,803.882,3.12214,0.79715,0.88141,0.61142,0.51074,0.55405,0.2205,3.54871,0.83236,0.86991,0.00182576,0.00182576,0.00182576
90,813.005,3.21134,0.79295,0.88413,0.67147,0.55711,0.6157,0.28269,3.13057,0.78091,0.85769,0.00182378,0.00182378,0.00182378
91,822.105,3.22148,0.80815,0.88356,0.69071,0.54853,0.60944,0.27777,3.22284,0.77875,0.86365,0.0018218,0.0018218,0.0018218
92,831.096,3.07448,0.79991,0.89387,0.64306,0.52944,0.5819,0.25138,3.35978,0.83272,0.86232,0.00181982,0.00181982,0.00181982
93,839.966,3.14307,0.82275,0.88852,0.64414,0.53836,0.58574,0.24855,3.42731,0.83422,0.86931,0.00181784,0.00181784,0.00181784
94,849.138,3.15674,0.81382,0.88436,0.68089,0.55425,0.61042,0.27602,3.24852,0.79822,0.86277,0.00181586,0.00181586,0.00181586
95,858.183,3.15276,0.8202,0.88426,0.7058,0.54681,0.61346,0.27733,3.17082,0.82075,0.85876,0.00181388,0.00181388,0.00181388
96,867.166,3.06288,0.8115,0.88684,0.70981,0.56084,0.62676,0.28712,3.07934,0.80029,0.85358,0.0018119,0.0018119,0.0018119
97,876.187,2.95852,0.78632,0.88454,0.65052,0.51761,0.58483,0.25413,3.35877,0.82272,0.86437,0.00180992,0.00180992,0.00180992
98,885.345,3.14045,0.84591,0.8878,0.68064,0.48468,0.57393,0.25961,3.28958,0.8257,0.86624,0.00180794,0.00180794,0.00180794
99,894.219,3.07412,0.81339,0.88698,0.68382,0.52041,0.58829,0.26631,3.28801,0.80047,0.86679,0.00180596,0.00180596,0.00180596
100,903.292,2.99105,0.82819,0.88725,0.70776,0.573,0.62612,0.28741,3.16366,0.81415,0.85814,0.00180398,0.00180398,0.00180398
101,912.31,2.97357,0.79121,0.87848,0.70493,0.57828,0.62842,0.28712,3.15741,0.90396,0.85443,0.001802,0.001802,0.001802
102,921.361,3.13733,0.81082,0.8778,0.71727,0.52475,0.58681,0.25033,3.41244,0.90557,0.86792,0.00180002,0.00180002,0.00180002
103,930.42,3.13183,0.84374,0.89173,0.64875,0.54649,0.58375,0.24994,3.26653,0.84587,0.86132,0.00179804,0.00179804,0.00179804
104,939.436,3.12638,0.83446,0.90019,0.65414,0.542,0.57533,0.24314,3.31365,0.87926,0.86114,0.00179606,0.00179606,0.00179606
105,948.505,3.13786,0.85924,0.89005,0.70618,0.54137,0.60116,0.26634,3.29439,0.78616,0.86319,0.00179408,0.00179408,0.00179408
106,957.471,3.06782,0.79741,0.88515,0.69091,0.55339,0.61141,0.28095,3.16476,0.78071,0.85797,0.0017921,0.0017921,0.0017921
107,966.426,2.97393,0.79581,0.88303,0.68518,0.53617,0.603,0.26968,3.22781,0.7927,0.85852,0.00179012,0.00179012,0.00179012
108,975.611,3.14377,0.80659,0.87951,0.71941,0.52348,0.60222,0.27698,3.17755,0.87955,0.85762,0.00178814,0.00178814,0.00178814
109,984.724,3.076,0.78324,0.87949,0.71589,0.51202,0.59808,0.26426,3.22015,0.88227,0.85698,0.00178616,0.00178616,0.00178616
110,993.731,3.02875,0.77597,0.87909,0.71426,0.53421,0.6129,0.28583,3.10019,0.81013,0.85323,0.00178418,0.00178418,0.00178418
111,1002.76,2.98754,0.75327,0.87727,0.6917,0.57486,0.6321,0.29919,3.072,0.75066,0.85304,0.0017822,0.0017822,0.0017822
112,1012.12,2.96327,0.77533,0.893,0.69806,0.56957,0.62827,0.28904,3.15307,0.75329,0.85453,0.00178022,0.00178022,0.00178022
113,1021.15,3.00124,0.75262,0.8775,0.68257,0.54967,0.61339,0.27078,3.2504,0.78313,0.85829,0.00177824,0.00177824,0.00177824
114,1030.14,3.00282,0.76939,0.88671,0.69408,0.55726,0.62298,0.28922,3.11653,0.76636,0.85423,0.00177626,0.00177626,0.00177626
115,1039.18,2.98226,0.76842,0.89096,0.70788,0.54724,0.60667,0.27132,3.2925,0.78939,0.86564,0.00177428,0.00177428,0.00177428
116,1048.27,3.09997,0.79025,0.88498,0.69058,0.553,0.60976,0.27563,3.21801,0.79043,0.86246,0.0017723,0.0017723,0.0017723
117,1057.43,3.10066,0.805,0.88244,0.70221,0.58016,0.6308,0.28933,3.11972,0.76668,0.85492,0.00177032,0.00177032,0.00177032
118,1066.45,3.09155,0.79811,0.87853,0.72258,0.54767,0.61001,0.26675,3.28585,0.83792,0.86468,0.00176834,0.00176834,0.00176834
119,1075.49,3.0279,0.7709,0.87802,0.70273,0.56169,0.62593,0.28488,3.14729,0.78319,0.8565,0.00176636,0.00176636,0.00176636
120,1084.4,2.97525,0.77375,0.88118,0.69299,0.56189,0.6157,0.2746,3.21203,0.78697,0.85745,0.00176438,0.00176438,0.00176438
121,1093.64,2.94302,0.74582,0.8643,0.73152,0.57217,0.64218,0.30353,3.07577,0.74581,0.85494,0.0017624,0.0017624,0.0017624
122,1102.85,2.96777,0.75338,0.8875,0.69425,0.57787,0.6329,0.29037,3.14426,0.75801,0.85658,0.00176042,0.00176042,0.00176042
123,1111.95,3.05435,0.78083,0.88391,0.72883,0.56325,0.63269,0.29522,3.0686,0.74682,0.85492,0.00175844,0.00175844,0.00175844
124,1121.04,2.98004,0.78102,0.89689,0.70291,0.57458,0.63675,0.29877,3.08831,0.75184,0.85155,0.00175646,0.00175646,0.00175646
125,1130,3.04619,0.77631,0.88811,0.70254,0.56341,0.62977,0.28951,3.14595,0.76631,0.85663,0.00175448,0.00175448,0.00175448
126,1139.09,3.05811,0.78894,0.87704,0.69896,0.55354,0.62042,0.28766,3.10754,0.77333,0.8583,0.0017525,0.0017525,0.0017525
127,1148.21,3.04261,0.77202,0.87789,0.70476,0.57987,0.63801,0.29223,3.08799,0.77403,0.85105,0.00175052,0.00175052,0.00175052
128,1157.48,2.97567,0.76729,0.87571,0.70597,0.56685,0.62497,0.27012,3.23728,0.80948,0.85353,0.00174854,0.00174854,0.00174854
129,1166.53,3.24497,0.80983,0.87771,0.71385,0.56427,0.62659,0.28658,3.15224,0.77927,0.8563,0.00174656,0.00174656,0.00174656
130,1175.43,3.05031,0.78843,0.89394,0.73029,0.55773,0.63219,0.28528,3.18883,0.77413,0.85788,0.00174458,0.00174458,0.00174458
131,1184.3,3.05119,0.78291,0.87641,0.71502,0.54375,0.61565,0.26597,3.3453,0.80365,0.86377,0.0017426,0.0017426,0.0017426
132,1193.39,3.05617,0.78286,0.88067,0.6987,0.55611,0.61854,0.28166,3.21767,0.78527,0.85743,0.00174062,0.00174062,0.00174062
133,1202.45,3.06561,0.77075,0.87202,0.70901,0.55838,0.62803,0.28898,3.15531,0.77049,0.85426,0.00173864,0.00173864,0.00173864
134,1211.29,2.91149,0.75042,0.86812,0.69989,0.5585,0.62706,0.29509,3.07528,0.76293,0.8531,0.00173666,0.00173666,0.00173666
135,1220.38,3.07685,0.76523,0.87114,0.70313,0.57658,0.6371,0.30309,3.01861,0.74384,0.85031,0.00173468,0.00173468,0.00173468
136,1229.26,2.91074,0.74817,0.87078,0.73209,0.56885,0.64131,0.30558,3.02081,0.74146,0.85177,0.0017327,0.0017327,0.0017327
137,1238.62,2.88753,0.74198,0.88051,0.73742,0.56871,0.63504,0.30201,3.07364,0.73532,0.85771,0.00173072,0.00173072,0.00173072
138,1247.61,2.86342,0.7292,0.87222,0.71277,0.57944,0.64372,0.31369,2.96138,0.71927,0.85083,0.00172874,0.00172874,0.00172874
139,1256.94,3.01368,0.75058,0.87428,0.71191,0.57644,0.64278,0.30795,3.0362,0.7281,0.84999,0.00172676,0.00172676,0.00172676
140,1266.2,2.95426,0.74667,0.85904,0.70938,0.57415,0.63692,0.30695,2.97577,0.72569,0.85154,0.00172478,0.00172478,0.00172478
141,1275.16,2.97197,0.75873,0.88038,0.72549,0.57171,0.63756,0.30767,3.0107,0.73155,0.85315,0.0017228,0.0017228,0.0017228
142,1284.27,2.90542,0.73476,0.87346,0.7327,0.58546,0.64539,0.30339,3.07778,0.74153,0.85336,0.00172082,0.00172082,0.00172082
143,1293.14,2.88387,0.72488,0.87386,0.70765,0.59748,0.64884,0.30487,3.05149,0.73707,0.85038,0.00171884,0.00171884,0.00171884
144,1302.11,2.87693,0.74159,0.87479,0.71415,0.59722,0.65254,0.31335,2.99602,0.72274,0.84806,0.00171686,0.00171686,0.00171686
145,1311.49,2.9882,0.7631,0.89107,0.73504,0.59319,0.66053,0.31802,2.94378,0.7142,0.84546,0.00171488,0.00171488,0.00171488
146,1320.76,2.82178,0.72793,0.86618,0.75063,0.57176,0.64763,0.29918,3.07506,0.74973,0.84964,0.0017129,0.0017129,0.0017129
147,1329.81,2.8903,0.73913,0.88134,0.74446,0.56785,0.64356,0.29778,3.06826,0.74626,0.85057,0.00171092,0.00171092,0.00171092
148,1338.91,2.96437,0.75302,0.88187,0.74638,0.55368,0.62318,0.2852,3.17534,0.77229,0.86081,0.00170894,0.00170894,0.00170894
149,1347.75,2.8132,0.73572,0.88767,0.7517,0.56756,0.63977,0.29672,3.09733,0.7522,0.85564,0.00170696,0.00170696,0.00170696
150,1356.88,3.06021,0.76275,0.8778,0.70516,0.57615,0.64003,0.29828,3.03,0.7379,0.85114,0.00170498,0.00170498,0.00170498
151,1365.87,2.85917,0.73405,0.86573,0.70543,0.573,0.64023,0.29747,3.06003,0.74769,0.85173,0.001703,0.001703,0.001703
152,1374.98,2.92095,0.7381,0.86683,0.73269,0.57572,0.64741,0.30904,2.97332,0.72195,0.84917,0.00170102,0.00170102,0.00170102
153,1384.02,2.84783,0.72789,0.86906,0.74615,0.58717,0.65617,0.3144,2.99337,0.72155,0.8494,0.00169904,0.00169904,0.00169904
154,1392.99,2.98971,0.75818,0.87231,0.7477,0.55487,0.62582,0.28426,3.22835,0.77077,0.85965,0.00169706,0.00169706,0.00169706
155,1402,2.8233,0.74055,0.87243,0.73586,0.57701,0.64365,0.2937,3.14732,0.75468,0.85246,0.00169508,0.00169508,0.00169508
156,1411.13,2.94559,0.7364,0.86423,0.70316,0.57882,0.63828,0.29952,3.05563,0.74845,0.85015,0.0016931,0.0016931,0.0016931
157,1420.16,2.9101,0.74763,0.85808,0.72822,0.573,0.64418,0.31028,2.97008,0.73341,0.84782,0.00169112,0.00169112,0.00169112
158,1429.25,3.00329,0.75525,0.88757,0.73678,0.57544,0.65131,0.31452,2.93654,0.71523,0.84837,0.00168914,0.00168914,0.00168914
159,1438.38,2.92372,0.75382,0.8682,0.72715,0.57452,0.6476,0.3008,3.02161,0.73341,0.85081,0.00168716,0.00168716,0.00168716
160,1447.27,2.80186,0.74489,0.86826,0.7369,0.57916,0.64865,0.30681,3.00602,0.7357,0.84862,0.00168518,0.00168518,0.00168518
161,1456.39,2.87193,0.73503,0.86372,0.72008,0.57171,0.64017,0.29347,3.06443,0.74334,0.84997,0.0016832,0.0016832,0.0016832
162,1465.45,3.05419,0.78836,0.88106,0.70777,0.55869,0.62681,0.28083,3.14141,0.7676,0.8518,0.00168122,0.00168122,0.00168122
163,1474.32,2.90635,0.7567,0.88491,0.72025,0.57672,0.64469,0.30735,2.97516,0.73701,0.84807,0.00167924,0.00167924,0.00167924
164,1483.36,2.9587,0.77654,0.86923,0.71162,0.57343,0.64042,0.29871,3.06452,0.80345,0.85113,0.00167726,0.00167726,0.00167726
165,1492.25,2.98187,0.79831,0.86785,0.69132,0.57768,0.63145,0.29035,3.13035,0.7902,0.85339,0.00167528,0.00167528,0.00167528
166,1501.21,2.99444,0.78091,0.88352,0.69113,0.55477,0.61395,0.26771,3.29383,0.79995,0.85749,0.0016733,0.0016733,0.0016733
167,1510.17,3.04421,0.8006,0.88013,0.71655,0.55325,0.62207,0.2816,3.16388,0.78419,0.86142,0.00167132,0.00167132,0.00167132
168,1519.17,2.93375,0.77903,0.87567,0.72421,0.56341,0.63339,0.29768,3.04404,0.74283,0.85508,0.00166934,0.00166934,0.00166934
169,1528.13,2.88228,0.74472,0.87311,0.72645,0.57552,0.64701,0.30635,3.0395,0.76054,0.85241,0.00166736,0.00166736,0.00166736
170,1537.17,2.91089,0.77242,0.87963,0.73304,0.57309,0.64204,0.30174,3.08202,0.76025,0.85204,0.00166538,0.00166538,0.00166538
171,1546.28,2.89241,0.74579,0.8597,0.7217,0.56683,0.63357,0.29202,3.13255,0.76091,0.85412,0.0016634,0.0016634,0.0016634
172,1555.55,2.9372,0.7769,0.87346,0.74038,0.56857,0.64529,0.31085,2.92114,0.75043,0.84678,0.00166142,0.00166142,0.00166142
173,1564.8,2.93121,0.74892,0.86423,0.72703,0.56169,0.63534,0.28925,3.03959,0.84354,0.85023,0.00165944,0.00165944,0.00165944
174,1573.84,2.87066,0.80428,0.87446,0.73215,0.55926,0.63149,0.28924,3.05615,0.8881,0.85244,0.00165746,0.00165746,0.00165746
175,1582.84,2.92703,0.74815,0.86917,0.68742,0.55812,0.6266,0.28036,3.14213,0.75612,0.85099,0.00165548,0.00165548,0.00165548
176,1591.91,2.92907,0.76459,0.88419,0.69191,0.55454,0.62296,0.27887,3.13357,0.78886,0.85198,0.0016535,0.0016535,0.0016535
177,1601.01,2.94733,0.77093,0.87798,0.75282,0.57715,0.65362,0.31586,2.96781,0.70987,0.85013,0.00165152,0.00165152,0.00165152
178,1610.02,2.85295,0.72979,0.87993,0.74962,0.5884,0.65794,0.30975,3.01682,0.75341,0.84845,0.00164954,0.00164954,0.00164954
179,1618.92,2.85185,0.75865,0.86168,0.72627,0.59805,0.65745,0.3047,3.04536,0.78531,0.84832,0.00164756,0.00164756,0.00164756
180,1628.04,2.97131,0.76511,0.87006,0.76009,0.58096,0.65721,0.31154,2.99492,0.73442,0.84977,0.00164558,0.00164558,0.00164558
181,1636.93,2.9759,0.76426,0.87703,0.73689,0.57744,0.65336,0.31609,2.94033,0.71825,0.84677,0.0016436,0.0016436,0.0016436
182,1645.89,2.90596,0.73672,0.85898,0.72913,0.57218,0.64876,0.31096,2.98992,0.72725,0.8481,0.00164162,0.00164162,0.00164162
183,1655.01,2.83525,0.72996,0.87234,0.70943,0.5791,0.64682,0.3084,2.98879,0.74993,0.84942,0.00163964,0.00163964,0.00163964
184,1664.03,2.9248,0.75244,0.87829,0.74997,0.59362,0.66502,0.31479,2.96832,0.75885,0.84612,0.00163766,0.00163766,0.00163766
185,1673.24,2.85604,0.74715,0.86207,0.74286,0.59533,0.66292,0.3169,2.95315,0.72243,0.84511,0.00163568,0.00163568,0.00163568
186,1682.23,2.87369,0.73496,0.86647,0.74703,0.58589,0.65852,0.31818,2.97391,0.71822,0.84735,0.0016337,0.0016337,0.0016337
187,1691.48,2.98067,0.74318,0.85882,0.74828,0.57601,0.65521,0.32244,2.9172,0.71251,0.8454,0.00163172,0.00163172,0.00163172
188,1701.1,2.86231,0.73878,0.86948,0.68395,0.56223,0.62872,0.29218,3.02397,0.75494,0.84697,0.00162974,0.00162974,0.00162974
189,1710.15,2.97053,0.75242,0.88797,0.73275,0.57262,0.64673,0.31608,2.92015,0.72203,0.84548,0.00162776,0.00162776,0.00162776
190,1719.14,2.80601,0.71891,0.87,0.74789,0.5758,0.65511,0.31697,2.9237,0.71592,0.84315,0.00162578,0.00162578,0.00162578
191,1728.15,2.7605,0.71808,0.86869,0.75878,0.59118,0.6599,0.31432,2.97772,0.71536,0.84751,0.0016238,0.0016238,0.0016238
192,1737.22,2.83209,0.7213,0.86895,0.77131,0.58531,0.66193,0.30993,3.0571,0.72782,0.85216,0.00162182,0.00162182,0.00162182
193,1746.46,2.8276,0.72022,0.87029,0.75286,0.60438,0.67423,0.33138,2.8919,0.70266,0.8431,0.00161984,0.00161984,0.00161984
194,1755.55,2.76959,0.71953,0.87887,0.76382,0.59204,0.66464,0.31516,3.02698,0.7314,0.8487,0.00161786,0.00161786,0.00161786
195,1764.62,2.73549,0.70251,0.86651,0.75476,0.60263,0.67672,0.33244,2.88978,0.71016,0.84231,0.00161588,0.00161588,0.00161588
196,1773.74,2.82271,0.72295,0.87839,0.74491,0.60067,0.67497,0.33107,2.86499,0.72006,0.8423,0.0016139,0.0016139,0.0016139
197,1782.64,2.80536,0.72261,0.87405,0.73424,0.60192,0.67121,0.32824,2.89157,0.706,0.84273,0.00161192,0.00161192,0.00161192
198,1791.6,2.78363,0.71128,0.86983,0.75383,0.6002,0.67271,0.33255,2.90151,0.70105,0.84281,0.00160994,0.00160994,0.00160994
199,1800.72,2.80203,0.71655,0.85795,0.72763,0.59791,0.66396,0.31323,2.96646,0.71258,0.843,0.00160796,0.00160796,0.00160796
200,1809.72,2.7933,0.71291,0.85862,0.73376,0.59233,0.66217,0.31464,2.96434,0.71098,0.84599,0.00160598,0.00160598,0.00160598
201,1818.87,2.84398,0.73162,0.86287,0.73761,0.58789,0.66312,0.32323,2.90027,0.7142,0.8431,0.001604,0.001604,0.001604
202,1827.95,2.95917,0.73755,0.86581,0.67757,0.55525,0.61512,0.28048,3.0979,0.75764,0.8484,0.00160202,0.00160202,0.00160202
203,1836.94,2.8199,0.72483,0.87474,0.71085,0.57993,0.64405,0.30811,2.95033,0.72453,0.84332,0.00160004,0.00160004,0.00160004
204,1845.99,2.82635,0.72245,0.85854,0.73803,0.60048,0.66708,0.32795,2.91146,0.72185,0.8436,0.00159806,0.00159806,0.00159806
205,1855.12,2.93287,0.74183,0.86978,0.75057,0.59314,0.6659,0.32628,2.93184,0.73813,0.84359,0.00159608,0.00159608,0.00159608
206,1864.01,2.83973,0.73185,0.8772,0.7626,0.57709,0.64658,0.29081,3.16799,0.79067,0.8555,0.0015941,0.0015941,0.0015941
207,1872.96,2.88571,0.74218,0.87273,0.67959,0.54366,0.61222,0.27945,3.0845,0.78739,0.84823,0.00159212,0.00159212,0.00159212
208,1882.24,2.93718,0.74767,0.87041,0.6765,0.54652,0.61382,0.27461,3.15461,0.79341,0.85118,0.00159014,0.00159014,0.00159014
209,1891.5,2.94019,0.74508,0.86522,0.70516,0.58689,0.64166,0.30139,3.03496,0.74072,0.84937,0.00158816,0.00158816,0.00158816
210,1900.42,2.86242,0.73903,0.86798,0.69346,0.57744,0.63455,0.29561,3.03878,0.74031,0.84932,0.00158618,0.00158618,0.00158618
211,1909.44,2.83417,0.72256,0.86352,0.66226,0.56198,0.61658,0.2796,3.10245,0.76162,0.84799,0.0015842,0.0015842,0.0015842
212,1918.44,2.82165,0.73767,0.86683,0.71639,0.58116,0.64995,0.31251,2.91764,0.72794,0.84373,0.00158222,0.00158222,0.00158222
213,1927.46,3.01518,0.74716,0.87266,0.73163,0.59977,0.66659,0.31889,2.93172,0.7166,0.84529,0.00158024,0.00158024,0.00158024
214,1936.63,2.84712,0.7334,0.86567,0.73734,0.60063,0.67018,0.31704,2.95951,0.71474,0.84363,0.00157826,0.00157826,0.00157826
215,1945.78,2.83541,0.71563,0.86682,0.74824,0.59447,0.67255,0.33457,2.8283,0.70029,0.83997,0.00157628,0.00157628,0.00157628
216,1955.23,2.81726,0.71369,0.86015,0.75231,0.59261,0.66827,0.32974,2.84997,0.69937,0.84025,0.0015743,0.0015743,0.0015743
217,1964.21,2.78089,0.69972,0.86751,0.71076,0.58427,0.65159,0.309,2.95825,0.72475,0.84448,0.00157232,0.00157232,0.00157232
218,1973.31,2.88556,0.72835,0.86473,0.72264,0.59559,0.66367,0.32516,2.8669,0.70764,0.84153,0.00157034,0.00157034,0.00157034
219,1982.43,2.76696,0.69723,0.85854,0.74678,0.59118,0.66691,0.32189,2.93391,0.70895,0.84456,0.00156836,0.00156836,0.00156836
220,1991.39,2.70047,0.70384,0.871,0.7584,0.61291,0.68258,0.33635,2.85912,0.69783,0.84087,0.00156638,0.00156638,0.00156638
221,2000.79,2.85023,0.72086,0.86944,0.75695,0.60449,0.67921,0.33511,2.87085,0.69809,0.84054,0.0015644,0.0015644,0.0015644
222,2009.99,2.85972,0.72198,0.86707,0.75768,0.59796,0.66992,0.32438,2.96052,0.71327,0.8441,0.00156242,0.00156242,0.00156242
223,2019.05,2.82696,0.72662,0.86982,0.75895,0.59447,0.67095,0.32449,2.92724,0.70911,0.84486,0.00156044,0.00156044,0.00156044
224,2028.24,2.9109,0.73464,0.8677,0.76453,0.5921,0.66711,0.31257,3.0029,0.72486,0.8464,0.00155846,0.00155846,0.00155846
225,2037.46,2.8207,0.7116,0.86041,0.75136,0.60034,0.6674,0.31806,2.95151,0.73182,0.84305,0.00155648,0.00155648,0.00155648
226,2046.51,2.93283,0.7551,0.88304,0.75917,0.56885,0.64092,0.28749,3.18348,0.76202,0.85521,0.0015545,0.0015545,0.0015545
227,2055.44,2.86798,0.73181,0.87205,0.77012,0.57959,0.66118,0.3157,2.99233,0.72921,0.84792,0.00155252,0.00155252,0.00155252
228,2064.54,2.91563,0.75673,0.88369,0.67871,0.56787,0.61822,0.26256,3.29071,0.78281,0.85951,0.00155054,0.00155054,0.00155054
229,2073.59,2.89942,0.7467,0.8748,0.72085,0.58216,0.64575,0.29404,3.06963,0.75732,0.85494,0.00154856,0.00154856,0.00154856
230,2082.56,2.93384,0.74823,0.86835,0.7438,0.57859,0.6469,0.30844,2.98509,0.73964,0.84968,0.00154658,0.00154658,0.00154658
231,2091.69,2.87921,0.73299,0.87363,0.7043,0.57286,0.63878,0.29244,2.9998,0.73872,0.84707,0.0015446,0.0015446,0.0015446
232,2100.85,2.90884,0.74883,0.86955,0.70341,0.5803,0.64034,0.29439,2.98736,0.73544,0.8446,0.00154262,0.00154262,0.00154262
233,2109.85,2.77344,0.71462,0.86535,0.7509,0.58165,0.65535,0.31197,2.9938,0.7299,0.8467,0.00154064,0.00154064,0.00154064
234,2118.93,2.82557,0.72529,0.8655,0.73477,0.5738,0.63776,0.29646,3.08133,0.74009,0.84995,0.00153866,0.00153866,0.00153866
235,2127.75,2.68392,0.69368,0.85356,0.75684,0.59848,0.66925,0.32609,2.906,0.69942,0.84272,0.00153668,0.00153668,0.00153668
236,2137,2.87892,0.72788,0.86271,0.75543,0.60865,0.68441,0.33872,2.81035,0.68915,0.83767,0.0015347,0.0015347,0.0015347
237,2146.41,2.78978,0.71293,0.8649,0.76254,0.59906,0.66932,0.31867,2.9034,0.71288,0.84235,0.00153272,0.00153272,0.00153272
238,2155.43,2.74468,0.70853,0.87751,0.76559,0.59605,0.6691,0.31866,2.91216,0.7295,0.84162,0.00153074,0.00153074,0.00153074
239,2164.61,2.77697,0.70795,0.85144,0.73471,0.6065,0.67707,0.33939,2.78184,0.69077,0.83715,0.00152876,0.00152876,0.00152876
240,2173.61,2.6584,0.688,0.8559,0.74492,0.6085,0.68082,0.34447,2.7484,0.68323,0.83774,0.00152678,0.00152678,0.00152678
241,2182.94,2.69301,0.68683,0.85687,0.75939,0.59994,0.67749,0.33514,2.85876,0.68571,0.84306,0.0015248,0.0015248,0.0015248
242,2192.04,2.77331,0.69477,0.86076,0.75815,0.61297,0.68697,0.34444,2.78694,0.67247,0.83895,0.00152282,0.00152282,0.00152282
243,2201.3,2.73341,0.69733,0.86482,0.74613,0.61781,0.68942,0.34024,2.80871,0.68551,0.83831,0.00152084,0.00152084,0.00152084
244,2210.5,2.88547,0.70597,0.84853,0.74864,0.61237,0.68449,0.3391,2.80395,0.69429,0.83723,0.00151886,0.00151886,0.00151886
245,2219.48,2.72059,0.69547,0.86622,0.75774,0.61552,0.6883,0.34118,2.80798,0.68606,0.83881,0.00151688,0.00151688,0.00151688
246,2228.4,2.78526,0.70539,0.86807,0.76625,0.6011,0.67809,0.32342,2.91224,0.70857,0.8431,0.0015149,0.0015149,0.0015149
247,2237.43,2.78973,0.71264,0.85862,0.76412,0.60034,0.68062,0.34303,2.77626,0.67827,0.83808,0.00151292,0.00151292,0.00151292
248,2246.44,2.78668,0.70823,0.85375,0.74445,0.5988,0.67607,0.33779,2.78491,0.68783,0.83836,0.00151094,0.00151094,0.00151094
249,2255.6,2.69445,0.69205,0.85079,0.72707,0.59519,0.66643,0.32722,2.85658,0.69778,0.84113,0.00150896,0.00150896,0.00150896
250,2264.73,2.6728,0.68695,0.8609,0.75058,0.59832,0.67501,0.3368,2.81025,0.67853,0.83908,0.00150698,0.00150698,0.00150698
251,2273.81,2.77876,0.70019,0.8515,0.76251,0.60636,0.68586,0.34603,2.78654,0.68351,0.83745,0.001505,0.001505,0.001505
252,2283.21,2.78199,0.72024,0.86164,0.75029,0.60601,0.67801,0.32014,3.01811,0.7167,0.84281,0.00150302,0.00150302,0.00150302
253,2292.24,2.79611,0.70117,0.85273,0.76484,0.6085,0.68233,0.33627,2.87565,0.70144,0.84026,0.00150104,0.00150104,0.00150104
254,2301.22,2.77828,0.70433,0.86795,0.7729,0.60421,0.68339,0.34218,2.7928,0.69521,0.83721,0.00149906,0.00149906,0.00149906
255,2310.24,2.79806,0.70874,0.86104,0.75189,0.59963,0.67918,0.33657,2.8073,0.69626,0.83708,0.00149708,0.00149708,0.00149708
256,2319.42,2.78942,0.70468,0.86416,0.75599,0.60507,0.67832,0.33205,2.84573,0.69655,0.83955,0.0014951,0.0014951,0.0014951
257,2328.48,2.77226,0.70144,0.86028,0.76875,0.60338,0.68692,0.34876,2.75866,0.67905,0.83704,0.00149312,0.00149312,0.00149312
258,2337.71,2.83086,0.7169,0.86566,0.75955,0.60772,0.6873,0.33967,2.83391,0.69016,0.83874,0.00149114,0.00149114,0.00149114
259,2346.75,2.74523,0.69566,0.85575,0.75805,0.61451,0.69066,0.34317,2.8198,0.68597,0.83707,0.00148916,0.00148916,0.00148916
260,2355.7,2.72828,0.6928,0.86001,0.76799,0.59844,0.67034,0.31186,2.95913,0.72695,0.84205,0.00148718,0.00148718,0.00148718
261,2364.74,2.76366,0.70114,0.853,0.73642,0.60435,0.67404,0.33161,2.82098,0.69692,0.83738,0.0014852,0.0014852,0.0014852
262,2373.93,2.77112,0.70876,0.86541,0.74563,0.60678,0.67651,0.33737,2.79543,0.68087,0.83623,0.00148322,0.00148322,0.00148322
263,2382.84,2.76916,0.70476,0.87105,0.75528,0.57831,0.6508,0.31629,2.95912,0.70442,0.84555,0.00148124,0.00148124,0.00148124
264,2391.92,2.8692,0.70496,0.8544,0.75129,0.59676,0.66645,0.32824,2.8849,0.69383,0.84129,0.00147926,0.00147926,0.00147926
265,2400.96,2.84722,0.7196,0.85868,0.71809,0.59719,0.66337,0.31801,2.93458,0.70495,0.84081,0.00147728,0.00147728,0.00147728
266,2409.88,2.78485,0.71298,0.86543,0.75046,0.60564,0.67806,0.33579,2.82663,0.69687,0.83719,0.0014753,0.0014753,0.0014753
267,2418.82,2.91654,0.73262,0.85989,0.76538,0.59061,0.6639,0.31646,2.95455,0.73228,0.84276,0.00147332,0.00147332,0.00147332
268,2427.81,2.80707,0.71467,0.86575,0.77609,0.6191,0.69496,0.34927,2.72886,0.66782,0.83451,0.00147134,0.00147134,0.00147134
269,2437,2.70128,0.70392,0.86824,0.76571,0.61941,0.69221,0.34393,2.75531,0.6674,0.8341,0.00146936,0.00146936,0.00146936
270,2446.07,2.82879,0.70315,0.85157,0.76216,0.61566,0.68922,0.34058,2.82989,0.67372,0.83861,0.00146738,0.00146738,0.00146738
271,2455.14,2.75838,0.69651,0.86294,0.7616,0.60727,0.67847,0.33258,2.87543,0.67891,0.83756,0.0014654,0.0014654,0.0014654
272,2464.1,2.80099,0.69451,0.85964,0.75397,0.60364,0.67828,0.33141,2.87272,0.67941,0.83876,0.00146342,0.00146342,0.00146342
273,2473.12,2.711,0.68421,0.85643,0.73381,0.59719,0.67279,0.33685,2.75721,0.69385,0.83635,0.00146144,0.00146144,0.00146144
274,2482.33,2.80143,0.70459,0.86152,0.73413,0.58892,0.66728,0.32427,2.83511,0.72873,0.8369,0.00145946,0.00145946,0.00145946
275,2491.49,2.77106,0.69364,0.85378,0.729,0.56942,0.64966,0.31439,2.84855,0.76468,0.83837,0.00145748,0.00145748,0.00145748
276,2500.57,2.75489,0.68997,0.86489,0.75434,0.61625,0.68829,0.34097,2.83124,0.67265,0.8368,0.0014555,0.0014555,0.0014555
277,2509.49,2.85245,0.70079,0.86078,0.7611,0.61884,0.69001,0.34774,2.78697,0.66264,0.83716,0.00145352,0.00145352,0.00145352
278,2518.46,2.60449,0.66685,0.84727,0.76415,0.61795,0.69441,0.35524,2.73422,0.65762,0.83554,0.00145154,0.00145154,0.00145154
279,2527.86,2.68788,0.6796,0.85895,0.76163,0.62625,0.69957,0.35545,2.74515,0.66056,0.83377,0.00144956,0.00144956,0.00144956
280,2537.01,2.63152,0.67315,0.8588,0.77844,0.62411,0.69798,0.35561,2.74554,0.66644,0.83509,0.00144758,0.00144758,0.00144758
281,2546.19,2.74645,0.68749,0.8551,0.76235,0.62554,0.69615,0.35505,2.705,0.66236,0.83324,0.0014456,0.0014456,0.0014456
282,2555.31,2.63436,0.67624,0.85759,0.76299,0.61609,0.69001,0.34243,2.79219,0.67305,0.83598,0.00144362,0.00144362,0.00144362
283,2564.23,2.59953,0.66406,0.85887,0.76389,0.61038,0.68237,0.33996,2.79729,0.67777,0.8367,0.00144164,0.00144164,0.00144164
284,2573.5,2.81602,0.69187,0.84652,0.73716,0.59134,0.6706,0.32645,2.85495,0.69457,0.83633,0.00143966,0.00143966,0.00143966
285,2582.44,2.65803,0.67611,0.8602,0.73434,0.58283,0.66185,0.3214,2.85595,0.71039,0.83834,0.00143768,0.00143768,0.00143768
286,2591.52,2.63475,0.66929,0.85562,0.754,0.59229,0.66547,0.33419,2.77577,0.68257,0.83788,0.0014357,0.0014357,0.0014357
287,2600.66,2.59837,0.6678,0.85371,0.75441,0.61165,0.68546,0.34573,2.74929,0.66997,0.83639,0.00143372,0.00143372,0.00143372
288,2609.7,2.77757,0.68266,0.85246,0.76024,0.62047,0.69463,0.35013,2.74553,0.67032,0.83648,0.00143174,0.00143174,0.00143174
289,2618.87,2.69257,0.67506,0.85869,0.77392,0.61509,0.6921,0.34765,2.79984,0.67758,0.83954,0.00142976,0.00142976,0.00142976
290,2627.73,2.6532,0.67109,0.85417,0.78363,0.61194,0.69543,0.3597,2.6882,0.65911,0.83563,0.00142778,0.00142778,0.00142778
291,2637.09,2.67653,0.68259,0.86554,0.78022,0.61251,0.69393,0.35931,2.69933,0.65606,0.83464,0.0014258,0.0014258,0.0014258
292,2646.13,2.6147,0.66558,0.84702,0.77112,0.60721,0.6858,0.34762,2.79244,0.6656,0.83624,0.00142382,0.00142382,0.00142382
293,2654.99,2.67024,0.68579,0.86649,0.7699,0.61786,0.69732,0.36162,2.6806,0.64786,0.83247,0.00142184,0.00142184,0.00142184
294,2664.3,2.64958,0.66976,0.84579,0.77112,0.61971,0.70175,0.36367,2.68593,0.64883,0.83209,0.00141986,0.00141986,0.00141986
295,2673.66,2.70179,0.6762,0.85551,0.78058,0.61752,0.6955,0.34522,2.80159,0.67775,0.83465,0.00141788,0.00141788,0.00141788
296,2682.83,2.67802,0.67733,0.85133,0.7863,0.61307,0.69426,0.34915,2.75802,0.66418,0.83539,0.0014159,0.0014159,0.0014159
297,2691.95,2.76319,0.69542,0.84952,0.77157,0.60607,0.68822,0.35723,2.67176,0.64942,0.83508,0.00141392,0.00141392,0.00141392
298,2700.97,2.66692,0.68007,0.8589,0.76957,0.60283,0.68159,0.34284,2.76893,0.66767,0.83889,0.00141194,0.00141194,0.00141194
299,2709.84,2.54252,0.67068,0.84609,0.76807,0.60578,0.68795,0.34827,2.74557,0.66936,0.83675,0.00140996,0.00140996,0.00140996
300,2718.9,2.74267,0.69212,0.86581,0.73505,0.5793,0.65924,0.3079,2.94326,0.74495,0.84119,0.00140798,0.00140798,0.00140798
301,2727.95,2.70795,0.68754,0.8498,0.75399,0.59433,0.67234,0.32681,2.8459,0.71316,0.83903,0.001406,0.001406,0.001406
302,2737.02,2.69452,0.6874,0.84806,0.77461,0.6138,0.69219,0.34446,2.78781,0.67745,0.83574,0.00140402,0.00140402,0.00140402
303,2746.01,2.74375,0.7041,0.85971,0.7632,0.61498,0.69039,0.34812,2.71917,0.6689,0.83267,0.00140204,0.00140204,0.00140204
304,2754.89,2.74326,0.69584,0.85286,0.77495,0.60478,0.6848,0.33747,2.80017,0.67451,0.83717,0.00140006,0.00140006,0.00140006
305,2763.99,2.64217,0.67671,0.85518,0.77486,0.61681,0.69781,0.35105,2.76854,0.66267,0.83467,0.00139808,0.00139808,0.00139808
306,2772.91,2.70593,0.67502,0.86073,0.77098,0.62096,0.6984,0.35428,2.73898,0.65925,0.83518,0.0013961,0.0013961,0.0013961
307,2781.89,2.72094,0.68704,0.86743,0.77075,0.62725,0.70087,0.35314,2.73661,0.66157,0.83613,0.00139412,0.00139412,0.00139412
308,2790.97,2.67395,0.68328,0.8497,0.74838,0.61337,0.68744,0.34287,2.71855,0.66997,0.83379,0.00139214,0.00139214,0.00139214
309,2800.08,2.68639,0.69017,0.86036,0.764,0.60611,0.68892,0.34722,2.69404,0.67111,0.83337,0.00139016,0.00139016,0.00139016
310,2808.94,2.63803,0.667,0.84705,0.75161,0.61294,0.688,0.34623,2.72591,0.67085,0.83458,0.00138818,0.00138818,0.00138818
311,2817.99,2.68231,0.68544,0.85676,0.75432,0.59505,0.68248,0.33537,2.84304,0.69375,0.83817,0.0013862,0.0013862,0.0013862
312,2826.99,2.69277,0.67972,0.85745,0.77606,0.59974,0.68786,0.3548,2.70818,0.66424,0.83569,0.00138422,0.00138422,0.00138422
313,2836.06,2.58666,0.67223,0.86159,0.76454,0.60793,0.68967,0.3393,2.82867,0.67272,0.83401,0.00138224,0.00138224,0.00138224
314,2845.04,2.67374,0.68168,0.85126,0.77226,0.61036,0.69382,0.3452,2.79804,0.66983,0.83553,0.00138026,0.00138026,0.00138026
315,2854.1,2.63088,0.67195,0.84891,0.78049,0.61337,0.69609,0.35459,2.72358,0.66294,0.83427,0.00137828,0.00137828,0.00137828
316,2863.14,2.69551,0.68416,0.85771,0.77808,0.61394,0.69759,0.35942,2.7071,0.65907,0.83291,0.0013763,0.0013763,0.0013763
317,2872.26,2.51911,0.65549,0.86092,0.78138,0.61308,0.69905,0.35853,2.73267,0.65977,0.83295,0.00137432,0.00137432,0.00137432
318,2881.33,2.72966,0.68682,0.86524,0.78167,0.60421,0.68309,0.3344,2.87203,0.68333,0.83793,0.00137234,0.00137234,0.00137234
319,2890.32,2.63643,0.67268,0.85277,0.75169,0.60807,0.68544,0.34034,2.81376,0.67715,0.8357,0.00137036,0.00137036,0.00137036
320,2899.31,2.66053,0.68239,0.86124,0.74039,0.60392,0.67891,0.32965,2.85967,0.68605,0.83774,0.00136838,0.00136838,0.00136838
321,2908.37,2.74895,0.68898,0.85495,0.76993,0.61366,0.69274,0.35329,2.71082,0.65909,0.83529,0.0013664,0.0013664,0.0013664
322,2917.43,2.65082,0.6709,0.84536,0.76575,0.61824,0.69428,0.35668,2.694,0.64855,0.83323,0.00136442,0.00136442,0.00136442
323,2926.74,2.64909,0.66795,0.84784,0.77301,0.6148,0.69112,0.35253,2.71216,0.64832,0.83381,0.00136244,0.00136244,0.00136244
324,2935.79,2.6191,0.66424,0.86025,0.77065,0.61079,0.68361,0.34272,2.7785,0.6592,0.83656,0.00136046,0.00136046,0.00136046
325,2944.8,2.65732,0.66182,0.85291,0.76782,0.61809,0.69999,0.36592,2.65405,0.64159,0.83249,0.00135848,0.00135848,0.00135848
326,2954.14,2.63594,0.66202,0.86458,0.77792,0.62024,0.70562,0.36892,2.64415,0.63986,0.83099,0.0013565,0.0013565,0.0013565
327,2963.4,2.67553,0.68411,0.85236,0.79355,0.58321,0.67116,0.3223,2.92165,0.7015,0.84281,0.00135452,0.00135452,0.00135452
328,2972.52,2.75994,0.68516,0.84617,0.78773,0.61409,0.6987,0.35919,2.68427,0.65476,0.8345,0.00135254,0.00135254,0.00135254
329,2981.77,2.66158,0.67369,0.84485,0.79375,0.61699,0.70213,0.36052,2.66616,0.65327,0.83277,0.00135056,0.00135056,0.00135056
330,2990.97,2.71134,0.67737,0.8645,0.78473,0.60421,0.68264,0.33645,2.84712,0.67615,0.83912,0.00134858,0.00134858,0.00134858
331,3000.17,2.79392,0.68188,0.86566,0.77866,0.60206,0.67868,0.32964,2.91498,0.6793,0.84249,0.0013466,0.0013466,0.0013466
332,3009.35,2.68415,0.67569,0.84717,0.76283,0.60913,0.69252,0.34952,2.75459,0.667,0.83357,0.00134462,0.00134462,0.00134462
333,3018.36,2.77197,0.69396,0.84724,0.75684,0.61082,0.69411,0.34683,2.78793,0.66738,0.83463,0.00134264,0.00134264,0.00134264
334,3027.52,2.73142,0.68299,0.8565,0.7695,0.62353,0.70163,0.35906,2.67204,0.64769,0.83166,0.00134066,0.00134066,0.00134066
335,3036.57,2.61327,0.66946,0.85643,0.7808,0.61746,0.69807,0.35033,2.72473,0.65308,0.83271,0.00133868,0.00133868,0.00133868
336,3045.51,2.56156,0.65533,0.84349,0.78247,0.6189,0.6992,0.35429,2.71579,0.6525,0.83238,0.0013367,0.0013367,0.0013367
337,3054.79,2.64488,0.67108,0.85545,0.78119,0.62808,0.70961,0.36484,2.67587,0.64619,0.83069,0.00133472,0.00133472,0.00133472
338,3063.95,2.71476,0.68427,0.86391,0.7991,0.62574,0.7103,0.37188,2.6284,0.64148,0.8314,0.00133274,0.00133274,0.00133274
339,3073.34,2.50846,0.65088,0.8491,0.79056,0.62513,0.70773,0.37323,2.63854,0.63702,0.83105,0.00133076,0.00133076,0.00133076
340,3082.76,2.79679,0.69414,0.85643,0.77642,0.62931,0.70727,0.3674,2.64776,0.64032,0.83179,0.00132878,0.00132878,0.00132878
341,3091.81,2.6525,0.66701,0.85995,0.77554,0.61675,0.69713,0.3547,2.68682,0.65365,0.83282,0.0013268,0.0013268,0.0013268
342,3100.88,2.75379,0.68865,0.84714,0.77145,0.6201,0.70134,0.35473,2.67591,0.65206,0.83159,0.00132482,0.00132482,0.00132482
343,3109.9,2.7176,0.69211,0.85592,0.77066,0.61323,0.69628,0.34858,2.75911,0.66861,0.83633,0.00132284,0.00132284,0.00132284
344,3118.89,2.84939,0.70876,0.85805,0.78104,0.59636,0.67735,0.34134,2.8195,0.66745,0.84035,0.00132086,0.00132086,0.00132086
345,3128.02,2.6926,0.67629,0.86043,0.78408,0.58073,0.67171,0.3462,2.72827,0.65928,0.83975,0.00131888,0.00131888,0.00131888
346,3136.99,2.67807,0.68596,0.86412,0.74773,0.59061,0.67355,0.32971,2.77398,0.66949,0.83479,0.0013169,0.0013169,0.0013169
347,3146.1,2.75601,0.7004,0.86587,0.72627,0.59276,0.66859,0.31493,2.87456,0.68541,0.83693,0.00131492,0.00131492,0.00131492
348,3155.27,2.78097,0.70264,0.85149,0.76879,0.61685,0.69574,0.35204,2.72988,0.66334,0.83253,0.00131294,0.00131294,0.00131294
349,3164.33,2.7209,0.68965,0.86213,0.76759,0.61938,0.69449,0.35119,2.73264,0.66826,0.83323,0.00131096,0.00131096,0.00131096
350,3173.24,2.56829,0.67072,0.85716,0.77727,0.62382,0.69497,0.35134,2.73559,0.66801,0.83433,0.00130898,0.00130898,0.00130898
351,3182.21,2.6294,0.67708,0.86474,0.78478,0.62053,0.70092,0.34939,2.79229,0.67249,0.83493,0.001307,0.001307,0.001307
352,3191.15,2.62674,0.67058,0.85179,0.77253,0.62411,0.70093,0.35176,2.79171,0.67404,0.83528,0.00130502,0.00130502,0.00130502
353,3200.31,2.6054,0.6752,0.85441,0.76956,0.62479,0.69963,0.3589,2.70706,0.66055,0.83128,0.00130304,0.00130304,0.00130304
354,3209.36,2.66151,0.67579,0.84864,0.76242,0.61752,0.69392,0.36034,2.66277,0.64738,0.83009,0.00130106,0.00130106,0.00130106
355,3218.37,2.55759,0.6598,0.85396,0.75951,0.61574,0.69218,0.35744,2.70157,0.65251,0.83191,0.00129908,0.00129908,0.00129908
356,3227.56,2.74294,0.69426,0.8615,0.75946,0.6158,0.69128,0.35265,2.7659,0.65593,0.83284,0.0012971,0.0012971,0.0012971
357,3236.57,2.74158,0.68038,0.85154,0.75259,0.62264,0.6968,0.35775,2.69343,0.65302,0.83119,0.00129512,0.00129512,0.00129512
358,3245.56,2.66242,0.67672,0.85991,0.75934,0.62453,0.70146,0.35735,2.70705,0.65886,0.8303,0.00129314,0.00129314,0.00129314
359,3254.49,2.69333,0.67571,0.84532,0.78824,0.6191,0.70225,0.36299,2.7171,0.66206,0.83254,0.00129116,0.00129116,0.00129116
360,3263.58,2.68413,0.6662,0.85132,0.77696,0.62912,0.71155,0.36796,2.64882,0.6491,0.82844,0.00128918,0.00128918,0.00128918
361,3272.63,2.58608,0.66878,0.85523,0.78385,0.62081,0.70461,0.36626,2.65194,0.64328,0.82929,0.0012872,0.0012872,0.0012872
362,3281.64,2.61222,0.6573,0.84278,0.78157,0.61595,0.70135,0.35958,2.7128,0.65078,0.83131,0.00128522,0.00128522,0.00128522
363,3290.77,2.62604,0.66017,0.84908,0.77933,0.62139,0.70175,0.35775,2.71595,0.64922,0.83256,0.00128324,0.00128324,0.00128324
364,3299.86,2.65733,0.67126,0.85653,0.76621,0.61079,0.6877,0.34827,2.74943,0.66735,0.83653,0.00128126,0.00128126,0.00128126
365,3308.87,2.7767,0.70001,0.87047,0.78585,0.61248,0.70319,0.3602,2.66786,0.64831,0.83104,0.00127928,0.00127928,0.00127928
366,3317.82,2.72491,0.6877,0.85121,0.79453,0.61723,0.7049,0.35499,2.71871,0.66041,0.83165,0.0012773,0.0012773,0.0012773
367,3326.83,2.65672,0.67844,0.84614,0.79498,0.62067,0.70435,0.36019,2.68872,0.66335,0.83106,0.00127532,0.00127532,0.00127532
368,3335.81,2.72136,0.67745,0.84661,0.77413,0.60865,0.69464,0.35476,2.697,0.6633,0.83032,0.00127334,0.00127334,0.00127334
369,3344.94,2.67054,0.68498,0.85874,0.77509,0.60822,0.6915,0.34965,2.69711,0.66253,0.83215,0.00127136,0.00127136,0.00127136
370,3354.05,2.58771,0.65877,0.85284,0.79329,0.60867,0.69533,0.35404,2.69371,0.65711,0.8313,0.00126938,0.00126938,0.00126938
371,3363.05,2.59782,0.65324,0.84962,0.78932,0.61008,0.69672,0.3568,2.70161,0.65648,0.83186,0.0012674,0.0012674,0.0012674
372,3372.03,2.69637,0.67222,0.85757,0.77444,0.61051,0.69232,0.35777,2.69353,0.65341,0.83492,0.00126542,0.00126542,0.00126542
373,3380.94,2.60287,0.66171,0.85221,0.78543,0.60865,0.69538,0.3584,2.72331,0.65444,0.83445,0.00126344,0.00126344,0.00126344
374,3389.88,2.60263,0.66656,0.86491,0.78315,0.62081,0.7085,0.36958,2.65186,0.63917,0.82894,0.00126146,0.00126146,0.00126146
375,3399.01,2.60299,0.64781,0.84114,0.78222,0.62153,0.70619,0.36175,2.7096,0.64894,0.83249,0.00125948,0.00125948,0.00125948
376,3408.09,2.68555,0.66485,0.85345,0.77983,0.62006,0.70196,0.35784,2.76389,0.65646,0.83331,0.0012575,0.0012575,0.0012575
377,3417.14,2.47794,0.63708,0.83578,0.77618,0.62625,0.70657,0.37273,2.64635,0.64157,0.82976,0.00125552,0.00125552,0.00125552
378,3426.21,2.66243,0.6594,0.85429,0.76952,0.6284,0.70443,0.37478,2.60022,0.6414,0.82767,0.00125354,0.00125354,0.00125354
379,3435.61,2.61191,0.65937,0.8525,0.77803,0.63785,0.70919,0.37556,2.63801,0.66068,0.82802,0.00125156,0.00125156,0.00125156
380,3444.92,2.59524,0.6549,0.86279,0.77108,0.6022,0.68333,0.34232,2.82636,0.68151,0.83695,0.00124958,0.00124958,0.00124958
381,3453.86,2.47264,0.64096,0.84959,0.74478,0.60067,0.67523,0.34418,2.78399,0.66641,0.83832,0.0012476,0.0012476,0.0012476
382,3462.82,2.64114,0.65494,0.85098,0.76369,0.61766,0.69465,0.36349,2.65005,0.64215,0.833,0.00124562,0.00124562,0.00124562
383,3471.87,2.46607,0.63725,0.85182,0.76925,0.62468,0.70749,0.36841,2.67786,0.64592,0.82964,0.00124364,0.00124364,0.00124364
384,3480.83,2.52097,0.63641,0.85321,0.77542,0.6294,0.70719,0.36468,2.71191,0.64777,0.83011,0.00124166,0.00124166,0.00124166
385,3489.94,2.66796,0.66898,0.85752,0.76816,0.6085,0.69782,0.36025,2.70147,0.67272,0.83194,0.00123968,0.00123968,0.00123968
386,3498.85,2.55488,0.66331,0.85147,0.76087,0.61137,0.6951,0.34228,2.81918,0.68453,0.83335,0.0012377,0.0012377,0.0012377
387,3507.74,2.68365,0.67899,0.85064,0.7668,0.62525,0.70263,0.35216,2.75574,0.66666,0.83159,0.00123572,0.00123572,0.00123572
388,3516.9,2.6914,0.69785,0.84843,0.79433,0.61838,0.70043,0.35593,2.7255,0.69016,0.83001,0.00123374,0.00123374,0.00123374
389,3525.91,2.64086,0.67337,0.8414,0.80077,0.6158,0.70509,0.36317,2.67476,0.65763,0.82951,0.00123176,0.00123176,0.00123176
390,3535.04,2.50457,0.66047,0.84041,0.77865,0.62468,0.70469,0.3716,2.60313,0.64405,0.82829,0.00122978,0.00122978,0.00122978
391,3544.28,2.68415,0.67907,0.84977,0.78486,0.6201,0.70303,0.37694,2.58938,0.6392,0.82818,0.0012278,0.0012278,0.0012278
392,3553.62,2.5264,0.65031,0.8398,0.78939,0.62879,0.7092,0.37656,2.5772,0.63333,0.82793,0.00122582,0.00122582,0.00122582
393,3563.01,2.53397,0.64996,0.85214,0.78426,0.62883,0.70797,0.37188,2.60431,0.63711,0.8284,0.00122384,0.00122384,0.00122384
394,3571.99,2.49161,0.63641,0.83842,0.78298,0.63327,0.71097,0.37746,2.59001,0.63457,0.82789,0.00122186,0.00122186,0.00122186
395,3581.37,2.59312,0.64623,0.83888,0.78988,0.62583,0.71192,0.38278,2.56288,0.63019,0.82782,0.00121988,0.00121988,0.00121988
396,3590.9,2.62317,0.6614,0.85974,0.78826,0.63126,0.7143,0.38201,2.57332,0.62824,0.82672,0.0012179,0.0012179,0.0012179
397,3599.79,2.50924,0.64007,0.8459,0.78451,0.63169,0.71327,0.37803,2.56818,0.63177,0.82541,0.00121592,0.00121592,0.00121592
398,3608.7,2.4892,0.64154,0.84235,0.79392,0.6248,0.70886,0.37802,2.54627,0.62688,0.82591,0.00121394,0.00121394,0.00121394
399,3617.91,2.59152,0.65317,0.84725,0.791,0.61977,0.70286,0.36672,2.6402,0.64389,0.83131,0.00121196,0.00121196,0.00121196
400,3626.85,2.51768,0.64699,0.85403,0.7791,0.6148,0.69774,0.3634,2.69214,0.64808,0.83542,0.00120998,0.00120998,0.00120998
401,3635.96,2.61145,0.65023,0.83922,0.79976,0.62139,0.71501,0.37864,2.60396,0.62792,0.82854,0.001208,0.001208,0.001208
402,3644.9,2.67295,0.66784,0.86809,0.79842,0.59588,0.68951,0.34149,2.8469,0.65823,0.83876,0.00120602,0.00120602,0.00120602
403,3654.16,2.84924,0.68353,0.84604,0.77785,0.58492,0.6755,0.32745,2.93127,0.67287,0.84256,0.00120404,0.00120404,0.00120404
404,3663.16,2.66875,0.66164,0.84928,0.78165,0.61681,0.71093,0.36457,2.66471,0.64974,0.82907,0.00120206,0.00120206,0.00120206
405,3672.1,2.59964,0.66769,0.8638,0.78624,0.62196,0.71354,0.37202,2.5918,0.63447,0.82728,0.00120008,0.00120008,0.00120008
406,3680.96,2.58704,0.6728,0.84551,0.79472,0.62525,0.71271,0.3759,2.5843,0.63234,0.82952,0.0011981,0.0011981,0.0011981
407,3689.97,2.50287,0.64997,0.85497,0.78052,0.62668,0.70481,0.36866,2.63357,0.64093,0.83068,0.00119612,0.00119612,0.00119612
408,3698.99,2.47038,0.63453,0.84609,0.77228,0.62511,0.70055,0.3643,2.63008,0.63815,0.83048,0.00119414,0.00119414,0.00119414
409,3708.21,2.55935,0.64888,0.83974,0.78496,0.62697,0.71247,0.37356,2.5921,0.62478,0.8289,0.00119216,0.00119216,0.00119216
410,3717.31,2.57248,0.6387,0.84103,0.79259,0.6264,0.71357,0.37199,2.62096,0.63,0.8293,0.00119018,0.00119018,0.00119018
411,3726.41,2.70472,0.66669,0.83705,0.7899,0.63169,0.71339,0.36837,2.65438,0.63684,0.82978,0.0011882,0.0011882,0.0011882
412,3735.52,2.54143,0.64058,0.83706,0.78773,0.62554,0.70884,0.37349,2.58759,0.6337,0.82801,0.00118622,0.00118622,0.00118622
413,3744.48,2.47722,0.63503,0.85237,0.78539,0.61351,0.69358,0.35406,2.69542,0.64583,0.83287,0.00118424,0.00118424,0.00118424
414,3753.49,2.47363,0.63345,0.86455,0.78028,0.6148,0.69547,0.35671,2.6855,0.64559,0.83244,0.00118226,0.00118226,0.00118226
415,3762.66,2.55559,0.64198,0.84832,0.78593,0.63168,0.71461,0.38237,2.57284,0.62669,0.82717,0.00118028,0.00118028,0.00118028
416,3771.7,2.53796,0.64355,0.84808,0.78534,0.63313,0.71457,0.385,2.54094,0.62238,0.82517,0.0011783,0.0011783,0.0011783
417,3781.14,2.52102,0.63955,0.85417,0.7839,0.6367,0.71516,0.38201,2.55198,0.62196,0.82533,0.00117632,0.00117632,0.00117632
418,3790.04,2.47389,0.63476,0.84525,0.78918,0.62568,0.70679,0.36555,2.66401,0.636,0.82997,0.00117434,0.00117434,0.00117434
419,3799.1,2.62072,0.65873,0.84669,0.77841,0.59336,0.67516,0.32866,2.87205,0.68021,0.83888,0.00117236,0.00117236,0.00117236
420,3808.08,2.69338,0.67011,0.85585,0.79515,0.62954,0.7148,0.37401,2.59668,0.62808,0.82919,0.00117038,0.00117038,0.00117038
421,3817.1,2.41163,0.62294,0.84648,0.78359,0.62625,0.71135,0.37989,2.54905,0.62321,0.82623,0.0011684,0.0011684,0.0011684
422,3825.93,2.53701,0.64125,0.84915,0.78074,0.62797,0.7098,0.38006,2.51544,0.61665,0.8259,0.00116642,0.00116642,0.00116642
423,3834.94,2.67337,0.666,0.84681,0.7807,0.62754,0.70385,0.36604,2.66072,0.63977,0.82936,0.00116444,0.00116444,0.00116444
424,3843.94,2.58169,0.64842,0.84994,0.78109,0.62783,0.70695,0.37255,2.63797,0.63321,0.82843,0.00116246,0.00116246,0.00116246
425,3853.11,2.48957,0.63867,0.83971,0.78304,0.63327,0.71739,0.38344,2.5444,0.62647,0.82567,0.00116048,0.00116048,0.00116048
426,3862.25,2.47779,0.62067,0.83823,0.79118,0.63284,0.72023,0.38676,2.53071,0.62215,0.82537,0.0011585,0.0011585,0.0011585
427,3871.44,2.59138,0.64287,0.8398,0.78979,0.6337,0.71869,0.38227,2.57319,0.6256,0.8262,0.00115652,0.00115652,0.00115652
428,3880.54,2.55936,0.63911,0.85094,0.79077,0.64601,0.72787,0.38852,2.53967,0.62159,0.8244,0.00115454,0.00115454,0.00115454
429,3890.07,2.61624,0.64319,0.83753,0.7935,0.6408,0.72514,0.38292,2.56306,0.62799,0.82528,0.00115256,0.00115256,0.00115256
430,3899.13,2.51586,0.63508,0.84691,0.7892,0.63226,0.71865,0.3808,2.57649,0.62625,0.82637,0.00115058,0.00115058,0.00115058
431,3908.29,2.44518,0.63103,0.84274,0.77698,0.62496,0.71237,0.37858,2.58769,0.62274,0.82922,0.0011486,0.0011486,0.0011486
432,3917.24,2.39,0.6256,0.84606,0.77908,0.62453,0.71354,0.37614,2.61888,0.62492,0.82896,0.00114662,0.00114662,0.00114662
433,3926.35,2.53177,0.65484,0.84375,0.78202,0.6377,0.72153,0.38187,2.6123,0.62174,0.82643,0.00114464,0.00114464,0.00114464
434,3935.35,2.5116,0.63897,0.84846,0.78776,0.62853,0.70839,0.36423,2.6826,0.63934,0.83052,0.00114266,0.00114266,0.00114266
435,3944.4,2.55863,0.66334,0.85046,0.7945,0.61695,0.70215,0.36401,2.66868,0.6415,0.83306,0.00114068,0.00114068,0.00114068
436,3953.4,2.5132,0.63502,0.84379,0.78342,0.62038,0.70963,0.36524,2.65054,0.63732,0.82825,0.0011387,0.0011387,0.0011387
437,3962.42,2.4887,0.6369,0.84474,0.78654,0.61824,0.70618,0.37467,2.60034,0.63063,0.82842,0.00113672,0.00113672,0.00113672
438,3971.41,2.66158,0.65976,0.84904,0.78227,0.62396,0.7023,0.36902,2.65236,0.63254,0.83088,0.00113474,0.00113474,0.00113474
439,3980.47,2.53265,0.63751,0.85722,0.79402,0.63212,0.71519,0.37624,2.62974,0.63168,0.8266,0.00113276,0.00113276,0.00113276
440,3989.39,2.62998,0.6531,0.84928,0.7785,0.63442,0.71702,0.37419,2.62942,0.62948,0.8272,0.00113078,0.00113078,0.00113078
441,3998.54,2.65864,0.66303,0.84795,0.78985,0.63163,0.71533,0.37408,2.63711,0.62949,0.82837,0.0011288,0.0011288,0.0011288
442,4007.53,2.40308,0.62561,0.84736,0.79129,0.63155,0.71402,0.38151,2.57236,0.61697,0.82728,0.00112682,0.00112682,0.00112682
443,4016.5,2.49115,0.63007,0.84462,0.78972,0.62734,0.71338,0.38098,2.55336,0.6112,0.82685,0.00112484,0.00112484,0.00112484
444,4025.7,2.51584,0.62967,0.84191,0.78876,0.63015,0.71322,0.37679,2.55744,0.61174,0.82559,0.00112286,0.00112286,0.00112286
445,4034.76,2.5443,0.63597,0.85239,0.78978,0.63813,0.72192,0.38273,2.52917,0.60992,0.82366,0.00112088,0.00112088,0.00112088
446,4043.76,2.54451,0.64316,0.83656,0.7798,0.64057,0.72067,0.38371,2.51452,0.61328,0.82356,0.0011189,0.0011189,0.0011189
447,4052.85,2.48989,0.63349,0.84196,0.79315,0.64164,0.72265,0.37762,2.6106,0.62817,0.82615,0.00111692,0.00111692,0.00111692
448,4061.79,2.43118,0.62239,0.84092,0.79906,0.63809,0.72095,0.37904,2.59514,0.63126,0.82605,0.00111494,0.00111494,0.00111494
449,4070.9,2.48583,0.63165,0.84044,0.78489,0.63303,0.72003,0.38826,2.53874,0.6091,0.82498,0.00111296,0.00111296,0.00111296
450,4080.03,2.50781,0.62874,0.8409,0.79021,0.6357,0.72015,0.38257,2.59206,0.61656,0.82586,0.00111098,0.00111098,0.00111098
451,4089.05,2.60512,0.64087,0.84179,0.79463,0.63613,0.72203,0.37924,2.60921,0.61967,0.82594,0.001109,0.001109,0.001109
452,4098.11,2.53481,0.63146,0.84707,0.79388,0.63871,0.7195,0.3842,2.55356,0.6153,0.826,0.00110702,0.00110702,0.00110702
453,4107.15,2.56062,0.63676,0.84475,0.80322,0.63498,0.71893,0.38561,2.55746,0.62065,0.82643,0.00110504,0.00110504,0.00110504
454,4116.2,2.48227,0.62606,0.84319,0.79897,0.63899,0.72538,0.38945,2.5455,0.61204,0.8251,0.00110306,0.00110306,0.00110306
455,4125.55,2.56722,0.64407,0.84154,0.7948,0.64601,0.72809,0.39636,2.46541,0.59979,0.82228,0.00110108,0.00110108,0.00110108
456,4134.75,2.41719,0.619,0.85093,0.79673,0.62768,0.71357,0.37323,2.6011,0.62042,0.82753,0.0010991,0.0010991,0.0010991
457,4143.73,2.47718,0.62276,0.84201,0.79255,0.61359,0.71149,0.38115,2.53607,0.61541,0.82614,0.00109712,0.00109712,0.00109712
458,4152.76,2.44775,0.62262,0.85694,0.78558,0.61051,0.70919,0.37278,2.57248,0.62502,0.82718,0.00109514,0.00109514,0.00109514
459,4161.9,2.52301,0.63355,0.83891,0.78086,0.61463,0.708,0.36805,2.6009,0.62613,0.82764,0.00109316,0.00109316,0.00109316
460,4170.95,2.51818,0.63811,0.85946,0.78176,0.61924,0.70818,0.37629,2.57764,0.6214,0.82776,0.00109118,0.00109118,0.00109118
461,4179.93,2.52533,0.63365,0.84572,0.77807,0.62078,0.70715,0.37236,2.57926,0.62124,0.82832,0.0010892,0.0010892,0.0010892
462,4188.86,2.41474,0.61541,0.84476,0.78902,0.63184,0.71753,0.38266,2.55504,0.61296,0.82625,0.00108722,0.00108722,0.00108722
463,4197.86,2.54612,0.63281,0.84292,0.79724,0.63455,0.72347,0.38338,2.57922,0.61752,0.82482,0.00108524,0.00108524,0.00108524
464,4206.78,2.41287,0.61492,0.83752,0.79727,0.63724,0.72351,0.38266,2.59351,0.61983,0.82538,0.00108326,0.00108326,0.00108326
465,4215.83,2.47651,0.6291,0.85234,0.8039,0.6377,0.72524,0.38849,2.54034,0.60903,0.82578,0.00108128,0.00108128,0.00108128
466,4224.79,2.38929,0.60597,0.83554,0.79443,0.63783,0.72304,0.3895,2.5024,0.60758,0.82489,0.0010793,0.0010793,0.0010793
467,4233.93,2.60932,0.64206,0.84832,0.77133,0.62539,0.71262,0.36696,2.63284,0.63656,0.82718,0.00107732,0.00107732,0.00107732
468,4243.11,2.68459,0.65719,0.84329,0.7701,0.61938,0.70576,0.36611,2.66818,0.64117,0.8292,0.00107534,0.00107534,0.00107534
469,4252.15,2.6515,0.65907,0.85251,0.79099,0.62496,0.70588,0.36401,2.69523,0.64543,0.82871,0.00107336,0.00107336,0.00107336
470,4261.23,2.8825,0.69331,0.84715,0.80628,0.59848,0.68674,0.32816,2.95158,0.69868,0.83811,0.00107138,0.00107138,0.00107138
471,4270.22,2.70831,0.67133,0.85334,0.80339,0.60947,0.69743,0.35683,2.73218,0.66309,0.83512,0.0010694,0.0010694,0.0010694
472,4279.37,2.7223,0.68265,0.84625,0.80286,0.61666,0.70716,0.3705,2.64481,0.64607,0.83,0.00106742,0.00106742,0.00106742
473,4288.41,2.69449,0.67032,0.84596,0.7894,0.62496,0.70711,0.3558,2.79535,0.67634,0.83423,0.00106544,0.00106544,0.00106544
474,4297.4,2.74135,0.69273,0.86584,0.78752,0.61494,0.69695,0.3439,2.8384,0.69548,0.83495,0.00106346,0.00106346,0.00106346
475,4306.41,2.73197,0.67968,0.85233,0.79364,0.61137,0.69602,0.34795,2.76969,0.67683,0.83155,0.00106148,0.00106148,0.00106148
476,4315.43,2.63492,0.65542,0.84958,0.76751,0.61197,0.69775,0.36318,2.64417,0.65023,0.82557,0.0010595,0.0010595,0.0010595
477,4324.63,2.58442,0.65787,0.84875,0.75458,0.60378,0.68979,0.35265,2.68634,0.6688,0.8265,0.00105752,0.00105752,0.00105752
478,4333.63,2.37326,0.6291,0.85738,0.76624,0.60335,0.69388,0.35552,2.64283,0.65486,0.82666,0.00105554,0.00105554,0.00105554
479,4342.67,2.59272,0.64366,0.83853,0.77746,0.62654,0.70886,0.36991,2.62344,0.62837,0.82547,0.00105356,0.00105356,0.00105356
480,4351.64,2.589,0.64911,0.85015,0.79098,0.62781,0.70928,0.36661,2.64708,0.63799,0.82625,0.00105158,0.00105158,0.00105158
481,4360.72,2.49956,0.6286,0.84018,0.79878,0.63301,0.72046,0.38082,2.58694,0.62188,0.8239,0.0010496,0.0010496,0.0010496
482,4369.73,2.60339,0.64909,0.84456,0.79134,0.63527,0.72331,0.38655,2.54582,0.61397,0.82269,0.00104762,0.00104762,0.00104762
483,4378.65,2.45539,0.63223,0.84214,0.80013,0.63284,0.72379,0.3905,2.51697,0.61039,0.82322,0.00104564,0.00104564,0.00104564
484,4387.74,2.41928,0.61676,0.84044,0.80421,0.63727,0.72777,0.39477,2.50141,0.60491,0.82175,0.00104366,0.00104366,0.00104366
485,4396.75,2.55732,0.6345,0.84339,0.79852,0.64615,0.72957,0.39558,2.49476,0.60321,0.82173,0.00104168,0.00104168,0.00104168
486,4405.77,2.51787,0.63486,0.8502,0.79918,0.64601,0.72951,0.39298,2.49096,0.60645,0.82246,0.0010397,0.0010397,0.0010397
487,4415,2.40557,0.61843,0.8464,0.79322,0.63727,0.72235,0.39034,2.49595,0.60644,0.82387,0.00103772,0.00103772,0.00103772
488,4424.04,2.34791,0.60393,0.83656,0.79778,0.63077,0.72065,0.38971,2.51454,0.6043,0.82471,0.00103574,0.00103574,0.00103574
489,4433.44,2.51501,0.6201,0.83044,0.80291,0.63389,0.73,0.39619,2.4737,0.59314,0.82292,0.00103376,0.00103376,0.00103376
490,4442.85,2.55931,0.63257,0.84292,0.80191,0.63327,0.72822,0.39215,2.50644,0.59625,0.82397,0.00103178,0.00103178,0.00103178
491,4451.93,2.62335,0.63376,0.83771,0.80386,0.62683,0.71938,0.38571,2.55499,0.60551,0.82628,0.0010298,0.0010298,0.0010298
492,4461.07,2.50333,0.62815,0.84201,0.7938,0.63642,0.72196,0.38884,2.51263,0.60817,0.82359,0.00102782,0.00102782,0.00102782
493,4470.02,2.48945,0.63289,0.85142,0.79232,0.64529,0.72783,0.39516,2.47787,0.6037,0.82124,0.00102584,0.00102584,0.00102584
494,4478.85,2.51653,0.63876,0.85403,0.80783,0.64014,0.72776,0.39224,2.49495,0.61161,0.82264,0.00102386,0.00102386,0.00102386
495,4487.94,2.49277,0.62732,0.84314,0.80394,0.64271,0.72622,0.38778,2.55279,0.6107,0.82315,0.00102188,0.00102188,0.00102188
496,4497.04,2.49201,0.62326,0.83717,0.79681,0.63799,0.7242,0.38995,2.5275,0.60469,0.82254,0.0010199,0.0010199,0.0010199
497,4506.23,2.41385,0.61391,0.83483,0.80191,0.63098,0.72287,0.39548,2.4652,0.59389,0.82255,0.00101792,0.00101792,0.00101792
498,4515.43,2.38192,0.60363,0.83549,0.79922,0.63212,0.72255,0.3931,2.49267,0.59364,0.82376,0.00101594,0.00101594,0.00101594
499,4524.42,2.51503,0.62467,0.84554,0.79962,0.63355,0.72518,0.39206,2.51916,0.59787,0.82518,0.00101396,0.00101396,0.00101396
500,4533.61,2.48306,0.62283,0.8392,0.79665,0.62983,0.7195,0.38364,2.58328,0.60806,0.82795,0.00101198,0.00101198,0.00101198
501,4542.7,2.43618,0.61009,0.83814,0.80126,0.6357,0.72748,0.39729,2.49106,0.59522,0.82314,0.00101,0.00101,0.00101
502,4551.94,2.37315,0.60289,0.83228,0.80413,0.63498,0.7271,0.39353,2.48553,0.59658,0.82243,0.00100802,0.00100802,0.00100802
503,4560.99,2.46424,0.61996,0.8469,0.81343,0.62969,0.72123,0.37995,2.57267,0.61562,0.82491,0.00100604,0.00100604,0.00100604
504,4569.97,2.4391,0.61586,0.84205,0.80893,0.63329,0.7233,0.38166,2.55788,0.60771,0.82457,0.00100406,0.00100406,0.00100406
505,4579.22,2.5349,0.63707,0.84949,0.79936,0.64214,0.72921,0.39223,2.49482,0.59746,0.82272,0.00100208,0.00100208,0.00100208
506,4588.23,2.4693,0.61844,0.83472,0.80344,0.63599,0.72793,0.3887,2.51291,0.60275,0.82277,0.0010001,0.0010001,0.0010001
507,4597.47,2.48143,0.62227,0.83952,0.81373,0.63541,0.72867,0.39132,2.50748,0.60665,0.82259,0.00099812,0.00099812,0.00099812
508,4606.46,2.41454,0.61523,0.85004,0.80436,0.63427,0.73128,0.40014,2.49565,0.60634,0.82297,0.00099614,0.00099614,0.00099614
509,4615.7,2.50953,0.63266,0.83987,0.79356,0.62893,0.72603,0.39198,2.53393,0.62204,0.82449,0.00099416,0.00099416,0.00099416
510,4624.61,2.39741,0.60715,0.83546,0.78712,0.62511,0.72182,0.38702,2.54853,0.61589,0.82595,0.00099218,0.00099218,0.00099218
511,4633.78,2.43742,0.60795,0.83729,0.80628,0.6345,0.72524,0.38893,2.52153,0.61385,0.82307,0.0009902,0.0009902,0.0009902
512,4642.84,2.44561,0.62553,0.83612,0.80866,0.63279,0.72413,0.39257,2.50764,0.61095,0.82258,0.00098822,0.00098822,0.00098822
513,4652,2.37303,0.60845,0.84377,0.81011,0.63914,0.73014,0.39807,2.48597,0.59903,0.82276,0.00098624,0.00098624,0.00098624
514,4661.5,2.53924,0.6323,0.83624,0.8068,0.642,0.73426,0.40137,2.48229,0.59778,0.82201,0.00098426,0.00098426,0.00098426
515,4670.78,2.42472,0.61907,0.84091,0.80348,0.64114,0.73225,0.40013,2.47796,0.59622,0.8214,0.00098228,0.00098228,0.00098228
516,4679.82,2.44765,0.62077,0.84473,0.8005,0.64213,0.72579,0.38352,2.59366,0.61391,0.82482,0.0009803,0.0009803,0.0009803
517,4688.9,2.44683,0.61511,0.83323,0.8015,0.63956,0.72442,0.38534,2.56928,0.60919,0.82448,0.00097832,0.00097832,0.00097832
518,4697.94,2.41039,0.6118,0.83867,0.79642,0.6328,0.72045,0.38927,2.52305,0.60388,0.82388,0.00097634,0.00097634,0.00097634
519,4707.05,2.37623,0.61384,0.84301,0.80583,0.6337,0.72306,0.39128,2.53862,0.60323,0.82435,0.00097436,0.00097436,0.00097436
520,4716.13,2.54198,0.62858,0.84408,0.79942,0.64257,0.72925,0.39496,2.52137,0.60177,0.82273,0.00097238,0.00097238,0.00097238
521,4725.44,2.3743,0.61101,0.82795,0.79805,0.63749,0.73135,0.39463,2.50292,0.60373,0.82236,0.0009704,0.0009704,0.0009704
522,4734.28,2.40105,0.60721,0.83945,0.79297,0.64531,0.73075,0.39305,2.50664,0.60239,0.82289,0.00096842,0.00096842,0.00096842
523,4743.3,2.51687,0.62434,0.84234,0.7936,0.63785,0.72149,0.3832,2.57727,0.61263,0.82482,0.00096644,0.00096644,0.00096644
524,4752.51,2.54569,0.63361,0.83977,0.78833,0.64672,0.7238,0.39059,2.52102,0.60595,0.82469,0.00096446,0.00096446,0.00096446
525,4761.45,2.40878,0.61293,0.84177,0.78946,0.64658,0.72609,0.3951,2.46924,0.59914,0.8236,0.00096248,0.00096248,0.00096248
526,4770.51,2.34304,0.60199,0.83295,0.79778,0.64037,0.72613,0.39238,2.49265,0.60154,0.82445,0.0009605,0.0009605,0.0009605
527,4779.65,2.46979,0.61435,0.835,0.80054,0.64115,0.72533,0.38763,2.56098,0.60791,0.82459,0.00095852,0.00095852,0.00095852
528,4788.64,2.43107,0.61735,0.84805,0.79999,0.64343,0.73053,0.39227,2.53735,0.6066,0.82295,0.00095654,0.00095654,0.00095654
529,4797.67,2.48866,0.6244,0.84724,0.79486,0.65281,0.73386,0.40114,2.45676,0.59302,0.82125,0.00095456,0.00095456,0.00095456
530,4806.84,2.5079,0.62022,0.83379,0.79548,0.64601,0.72972,0.39573,2.4775,0.59811,0.82192,0.00095258,0.00095258,0.00095258
531,4815.91,2.44608,0.60854,0.83699,0.79374,0.64028,0.72743,0.39511,2.49897,0.6024,0.82095,0.0009506,0.0009506,0.0009506
532,4824.94,2.52031,0.61527,0.8408,0.79805,0.62912,0.7222,0.3871,2.53853,0.60946,0.82212,0.00094862,0.00094862,0.00094862
533,4834.06,2.36031,0.59915,0.83333,0.80085,0.63112,0.72295,0.39054,2.51318,0.60526,0.82261,0.00094664,0.00094664,0.00094664
534,4843.14,2.3947,0.60376,0.83636,0.81153,0.63141,0.72638,0.3943,2.48135,0.60143,0.82126,0.00094466,0.00094466,0.00094466
535,4852.33,2.37934,0.60222,0.83986,0.80115,0.639,0.72867,0.39404,2.49336,0.6062,0.82236,0.00094268,0.00094268,0.00094268
536,4861.35,2.50625,0.62005,0.83517,0.79971,0.64114,0.72649,0.39201,2.51301,0.60625,0.82386,0.0009407,0.0009407,0.0009407
537,4870.36,2.35648,0.60531,0.83662,0.7987,0.63956,0.72817,0.40048,2.43828,0.58809,0.8209,0.00093872,0.00093872,0.00093872
538,4879.51,2.38636,0.60659,0.84307,0.79817,0.63727,0.72638,0.39787,2.44674,0.59308,0.82043,0.00093674,0.00093674,0.00093674
539,4888.57,2.42139,0.61469,0.83452,0.80645,0.63155,0.72629,0.3946,2.48474,0.60025,0.82138,0.00093476,0.00093476,0.00093476
540,4897.8,2.45423,0.62016,0.83096,0.79888,0.63737,0.73042,0.39327,2.53604,0.60429,0.82292,0.00093278,0.00093278,0.00093278
541,4906.64,2.35339,0.6004,0.84012,0.8078,0.64254,0.73567,0.40116,2.50743,0.59839,0.82323,0.0009308,0.0009308,0.0009308
542,4915.67,2.39555,0.60929,0.84217,0.81045,0.64874,0.74217,0.40737,2.49524,0.59568,0.8226,0.00092882,0.00092882,0.00092882
543,4924.9,2.33627,0.60148,0.84553,0.794,0.65259,0.73893,0.40058,2.52819,0.61536,0.82329,0.00092684,0.00092684,0.00092684
544,4933.95,2.39443,0.61456,0.84123,0.79151,0.64873,0.7367,0.39925,2.52648,0.60521,0.8228,0.00092486,0.00092486,0.00092486
545,4943.05,2.36346,0.60409,0.83169,0.78944,0.63584,0.72472,0.3957,2.48931,0.59792,0.82313,0.00092288,0.00092288,0.00092288
546,4952.14,2.52298,0.62238,0.84048,0.7956,0.62737,0.72322,0.39868,2.45725,0.59179,0.82291,0.0009209,0.0009209,0.0009209
547,4961.11,2.37904,0.6066,0.83254,0.79773,0.63083,0.72486,0.40172,2.44063,0.58825,0.82241,0.00091892,0.00091892,0.00091892
548,4970.2,2.4343,0.61232,0.83715,0.7941,0.63685,0.72354,0.39377,2.50255,0.5948,0.82338,0.00091694,0.00091694,0.00091694
549,4979.24,2.57359,0.63937,0.84753,0.79275,0.63742,0.72673,0.40057,2.43685,0.59069,0.82154,0.00091496,0.00091496,0.00091496
550,4988.2,2.46423,0.61854,0.83993,0.78577,0.6337,0.72098,0.39313,2.47157,0.59928,0.8227,0.00091298,0.00091298,0.00091298
551,4997.3,2.40794,0.61393,0.83727,0.796,0.64157,0.72627,0.39387,2.49017,0.59573,0.82306,0.000911,0.000911,0.000911
552,5006.43,2.45995,0.61849,0.84188,0.80057,0.64014,0.72717,0.39646,2.49215,0.5953,0.823,0.00090902,0.00090902,0.00090902
553,5015.59,2.4643,0.61383,0.82777,0.80251,0.64228,0.72602,0.39498,2.47967,0.59786,0.82141,0.00090704,0.00090704,0.00090704
554,5024.59,2.44939,0.60899,0.83508,0.80176,0.641,0.72708,0.39775,2.46089,0.59583,0.82001,0.00090506,0.00090506,0.00090506
555,5033.55,2.36961,0.59892,0.8315,0.79646,0.64191,0.72753,0.40249,2.43061,0.59144,0.81949,0.00090308,0.00090308,0.00090308
556,5042.63,2.4164,0.6094,0.83766,0.80608,0.64261,0.73065,0.40064,2.45586,0.59522,0.81943,0.0009011,0.0009011,0.0009011
557,5051.75,2.39583,0.60725,0.8375,0.81513,0.64376,0.73434,0.40043,2.46083,0.59577,0.81879,0.00089912,0.00089912,0.00089912
558,5060.8,2.28272,0.59612,0.8351,0.80537,0.64386,0.7331,0.40172,2.43799,0.5868,0.81874,0.00089714,0.00089714,0.00089714
559,5069.72,2.41111,0.59772,0.83278,0.79348,0.64085,0.72891,0.39828,2.45583,0.59169,0.82015,0.00089516,0.00089516,0.00089516
560,5078.91,2.43663,0.60281,0.84011,0.80413,0.6377,0.72691,0.39759,2.46699,0.58985,0.81984,0.00089318,0.00089318,0.00089318
561,5088.08,2.42832,0.60487,0.83471,0.80171,0.63799,0.73218,0.4045,2.42634,0.58662,0.81848,0.0008912,0.0008912,0.0008912
562,5096.96,2.34365,0.59944,0.84207,0.79922,0.63816,0.73325,0.40708,2.41645,0.58444,0.81818,0.00088922,0.00088922,0.00088922
563,5106,2.49828,0.62057,0.84258,0.80582,0.63856,0.73355,0.40171,2.45297,0.5896,0.81907,0.00088724,0.00088724,0.00088724
564,5115.02,2.28924,0.58978,0.83783,0.81199,0.64271,0.73899,0.40904,2.44522,0.58731,0.82005,0.00088526,0.00088526,0.00088526
565,5124.3,2.33137,0.60126,0.84145,0.81258,0.64668,0.74234,0.41122,2.43587,0.58531,0.8202,0.00088328,0.00088328,0.00088328
566,5133.63,2.31235,0.59089,0.8408,0.82477,0.64271,0.74263,0.41089,2.43762,0.58261,0.81974,0.0008813,0.0008813,0.0008813
567,5142.56,2.29626,0.58603,0.83502,0.8178,0.63928,0.73572,0.40873,2.44791,0.58222,0.81932,0.00087932,0.00087932,0.00087932
568,5151.65,2.35428,0.59042,0.83465,0.80585,0.64486,0.73535,0.40621,2.45311,0.58425,0.81973,0.00087734,0.00087734,0.00087734
569,5160.83,2.42373,0.60647,0.84123,0.81176,0.63742,0.72901,0.40333,2.43644,0.58332,0.82118,0.00087536,0.00087536,0.00087536
570,5169.87,2.41592,0.60187,0.83512,0.80129,0.64286,0.73136,0.40774,2.40196,0.58093,0.81986,0.00087338,0.00087338,0.00087338
571,5178.77,2.448,0.61105,0.84058,0.7943,0.63527,0.72638,0.39868,2.43986,0.59039,0.82135,0.0008714,0.0008714,0.0008714
572,5187.84,2.47283,0.61042,0.84027,0.8004,0.63828,0.7217,0.38448,2.54247,0.61022,0.82315,0.00086942,0.00086942,0.00086942
573,5196.85,2.45136,0.62571,0.84894,0.80173,0.63627,0.72164,0.38039,2.56401,0.61065,0.8242,0.00086744,0.00086744,0.00086744
574,5205.91,2.38533,0.6063,0.83263,0.79899,0.6347,0.72139,0.39102,2.48505,0.59597,0.82176,0.00086546,0.00086546,0.00086546
575,5215.15,2.58808,0.63945,0.84114,0.8005,0.63956,0.72631,0.39489,2.50422,0.59684,0.82262,0.00086348,0.00086348,0.00086348
576,5224.12,2.37573,0.59715,0.83211,0.81334,0.63309,0.72461,0.38307,2.56963,0.60571,0.82424,0.0008615,0.0008615,0.0008615
577,5233.14,2.46004,0.61124,0.84152,0.81488,0.63842,0.73142,0.39624,2.5094,0.59383,0.82276,0.00085952,0.00085952,0.00085952
578,5242.1,2.47873,0.61553,0.83863,0.80464,0.64028,0.73385,0.40619,2.43931,0.58465,0.81998,0.00085754,0.00085754,0.00085754
579,5250.97,2.36489,0.60313,0.82994,0.80124,0.6411,0.73478,0.40257,2.4508,0.59024,0.81874,0.00085556,0.00085556,0.00085556
580,5260.07,2.39882,0.61061,0.84346,0.81143,0.64271,0.73301,0.40143,2.45492,0.58889,0.81939,0.00085358,0.00085358,0.00085358
581,5268.99,2.49406,0.60887,0.83129,0.81438,0.64042,0.73232,0.39985,2.46216,0.59149,0.82,0.0008516,0.0008516,0.0008516
582,5278.06,2.32686,0.59261,0.82558,0.81265,0.64472,0.73498,0.40612,2.42848,0.58667,0.81916,0.00084962,0.00084962,0.00084962
583,5287.21,2.48964,0.61898,0.83377,0.79472,0.64801,0.73696,0.39943,2.50055,0.59854,0.82077,0.00084764,0.00084764,0.00084764
584,5296.25,2.42038,0.61367,0.83715,0.79143,0.6483,0.73245,0.39857,2.4875,0.59702,0.82036,0.00084566,0.00084566,0.00084566
585,5305.45,2.44619,0.60667,0.82905,0.81283,0.63782,0.7289,0.39394,2.49494,0.594,0.82277,0.00084368,0.00084368,0.00084368
586,5314.49,2.41217,0.59916,0.83318,0.81077,0.63906,0.73252,0.40073,2.45135,0.58735,0.82134,0.0008417,0.0008417,0.0008417
587,5323.52,2.47514,0.61135,0.84346,0.80346,0.63782,0.73245,0.40059,2.4454,0.58837,0.8204,0.00083972,0.00083972,0.00083972
588,5332.61,2.34973,0.59483,0.83398,0.81274,0.63243,0.72821,0.3947,2.48439,0.5899,0.82181,0.00083774,0.00083774,0.00083774
589,5341.61,2.31701,0.59015,0.83582,0.80743,0.63455,0.72828,0.39512,2.49888,0.58927,0.82273,0.00083576,0.00083576,0.00083576
590,5350.52,2.33306,0.58269,0.82832,0.80527,0.64042,0.73534,0.40516,2.44964,0.58217,0.82073,0.00083378,0.00083378,0.00083378
591,5359.52,2.39122,0.60114,0.84313,0.80325,0.64157,0.74069,0.40344,2.50699,0.59257,0.82104,0.0008318,0.0008318,0.0008318
592,5368.63,2.41759,0.59923,0.83763,0.80386,0.64543,0.7406,0.40427,2.49313,0.59031,0.82136,0.00082982,0.00082982,0.00082982
593,5377.84,2.275,0.58145,0.83439,0.80713,0.64933,0.74006,0.40736,2.44195,0.5779,0.82026,0.00082784,0.00082784,0.00082784
594,5386.84,2.41325,0.60653,0.8364,0.80901,0.64516,0.73869,0.40628,2.43824,0.57626,0.81997,0.00082586,0.00082586,0.00082586
595,5395.78,2.33059,0.58907,0.83607,0.80441,0.64229,0.73478,0.40319,2.44849,0.57983,0.82023,0.00082388,0.00082388,0.00082388
596,5404.97,2.45296,0.61086,0.83953,0.81548,0.64443,0.73604,0.40209,2.45704,0.58406,0.82022,0.0008219,0.0008219,0.0008219
597,5413.93,2.30965,0.58957,0.8322,0.81764,0.64758,0.74205,0.41251,2.40415,0.57746,0.81839,0.00081992,0.00081992,0.00081992
598,5423.19,2.38723,0.59533,0.8357,0.81049,0.65015,0.74403,0.41465,2.40022,0.57715,0.81805,0.00081794,0.00081794,0.00081794
599,5432.65,2.44617,0.60591,0.83519,0.80511,0.64873,0.73915,0.40664,2.45598,0.58617,0.81952,0.00081596,0.00081596,0.00081596
600,5441.62,2.49629,0.61217,0.83448,0.79799,0.64801,0.7336,0.39958,2.47916,0.59215,0.81963,0.00081398,0.00081398,0.00081398
601,5450.73,2.33069,0.58579,0.82771,0.8004,0.63888,0.73424,0.40715,2.39571,0.58023,0.81845,0.000812,0.000812,0.000812
602,5459.77,2.41339,0.60312,0.83942,0.7982,0.64128,0.73336,0.40168,2.42781,0.58381,0.81936,0.00081002,0.00081002,0.00081002
603,5468.73,2.36582,0.59174,0.83206,0.80553,0.64071,0.73621,0.40605,2.42014,0.57953,0.81915,0.00080804,0.00080804,0.00080804
604,5477.97,2.34139,0.59659,0.84144,0.81208,0.64953,0.74127,0.40319,2.47893,0.58746,0.82038,0.00080606,0.00080606,0.00080606
605,5486.99,2.45741,0.6009,0.83652,0.81273,0.6503,0.74217,0.40575,2.47605,0.58947,0.8203,0.00080408,0.00080408,0.00080408
606,5495.98,2.33678,0.5983,0.83806,0.82044,0.65145,0.74566,0.4102,2.42797,0.58214,0.81878,0.0008021,0.0008021,0.0008021
607,5504.96,2.3702,0.58666,0.82998,0.81588,0.6451,0.74237,0.41058,2.3925,0.5763,0.81738,0.00080012,0.00080012,0.00080012
608,5513.9,2.36936,0.59638,0.83398,0.81636,0.64572,0.74211,0.40632,2.42065,0.58073,0.81856,0.00079814,0.00079814,0.00079814
609,5523.05,2.37909,0.59494,0.83457,0.81921,0.64171,0.73915,0.39981,2.4752,0.58881,0.82064,0.00079616,0.00079616,0.00079616
610,5532.17,2.42048,0.60495,0.83427,0.81488,0.63785,0.73687,0.40095,2.46074,0.5838,0.82057,0.00079418,0.00079418,0.00079418
611,5541.18,2.38632,0.59376,0.83105,0.80953,0.63942,0.73864,0.40784,2.43473,0.58146,0.81984,0.0007922,0.0007922,0.0007922
612,5550.2,2.28305,0.5773,0.82751,0.80728,0.64057,0.7415,0.41393,2.41094,0.57322,0.81862,0.00079022,0.00079022,0.00079022
613,5559.11,2.25061,0.58332,0.83096,0.80634,0.64386,0.74274,0.41281,2.42605,0.57785,0.81872,0.00078824,0.00078824,0.00078824
614,5568.03,2.26883,0.57121,0.83009,0.80206,0.64267,0.7381,0.41053,2.42544,0.57677,0.81904,0.00078626,0.00078626,0.00078626
615,5577.01,2.28794,0.5742,0.82841,0.81974,0.64052,0.7401,0.40601,2.44889,0.57928,0.81941,0.00078428,0.00078428,0.00078428
616,5586.02,2.44144,0.5969,0.82887,0.81949,0.64701,0.74357,0.40861,2.42872,0.57687,0.81885,0.0007823,0.0007823,0.0007823
617,5595.21,2.32103,0.58597,0.83672,0.82817,0.64615,0.74656,0.41845,2.35388,0.57136,0.81707,0.00078032,0.00078032,0.00078032
618,5604.46,2.35644,0.59342,0.83661,0.82054,0.64532,0.74268,0.41615,2.36946,0.57485,0.81797,0.00077834,0.00077834,0.00077834
619,5613.33,2.3041,0.58088,0.83391,0.81852,0.64558,0.74068,0.41401,2.37722,0.57557,0.81807,0.00077636,0.00077636,0.00077636
620,5622.45,2.31182,0.58135,0.83361,0.81987,0.64629,0.73948,0.41031,2.3813,0.57537,0.81792,0.00077438,0.00077438,0.00077438
621,5631.31,2.16578,0.56399,0.8346,0.81241,0.6447,0.74088,0.41077,2.38011,0.57405,0.8182,0.0007724,0.0007724,0.0007724
622,5640.28,2.26222,0.57649,0.83022,0.80991,0.64769,0.74337,0.41484,2.36694,0.57083,0.81818,0.00077042,0.00077042,0.00077042
623,5649.34,2.28526,0.58381,0.82742,0.81235,0.64701,0.74387,0.4096,2.43438,0.57776,0.81978,0.00076844,0.00076844,0.00076844
624,5658.3,2.2388,0.57411,0.83778,0.80389,0.64529,0.74067,0.40664,2.45921,0.58137,0.81973,0.00076646,0.00076646,0.00076646
625,5667.43,2.35969,0.58435,0.83076,0.79231,0.65148,0.73988,0.41125,2.40748,0.57945,0.8182,0.00076448,0.00076448,0.00076448
626,5676.44,2.3432,0.596,0.83643,0.79675,0.65073,0.73956,0.41301,2.39746,0.57753,0.81763,0.0007625,0.0007625,0.0007625
627,5685.52,2.35109,0.59472,0.83369,0.81025,0.65159,0.74559,0.41514,2.3986,0.57925,0.81741,0.00076052,0.00076052,0.00076052
628,5694.34,2.36909,0.59799,0.83288,0.80751,0.65488,0.75123,0.42394,2.36836,0.5726,0.81615,0.00075854,0.00075854,0.00075854
629,5703.65,2.4343,0.60378,0.83133,0.80428,0.65459,0.75011,0.41918,2.3907,0.57716,0.8173,0.00075656,0.00075656,0.00075656
630,5712.65,2.27676,0.57885,0.83477,0.8188,0.64572,0.74639,0.41829,2.38326,0.57651,0.81758,0.00075458,0.00075458,0.00075458
631,5721.89,2.34629,0.59162,0.82998,0.81873,0.63682,0.73878,0.41031,2.41988,0.58359,0.81777,0.0007526,0.0007526,0.0007526
632,5731.01,2.407,0.59835,0.8313,0.81376,0.62811,0.73257,0.40704,2.42089,0.58156,0.81855,0.00075062,0.00075062,0.00075062
633,5739.95,2.33275,0.59321,0.8417,0.80266,0.63871,0.737,0.41292,2.37852,0.57413,0.81793,0.00074864,0.00074864,0.00074864
634,5748.91,2.31876,0.58577,0.83493,0.81253,0.64397,0.73954,0.41264,2.40013,0.5749,0.81861,0.00074666,0.00074666,0.00074666
635,5758.02,2.40503,0.6035,0.83934,0.81322,0.64715,0.73962,0.40827,2.44831,0.58112,0.81926,0.00074468,0.00074468,0.00074468
636,5767.03,2.36675,0.59371,0.83049,0.80726,0.65273,0.74651,0.41452,2.41502,0.57541,0.81756,0.0007427,0.0007427,0.0007427
637,5775.94,2.34607,0.58691,0.83193,0.80428,0.65588,0.74739,0.4213,2.3594,0.566,0.81612,0.00074072,0.00074072,0.00074072
638,5784.92,2.45315,0.6098,0.84512,0.81112,0.65402,0.74494,0.42157,2.34132,0.56568,0.81602,0.00073874,0.00073874,0.00073874
639,5793.94,2.23328,0.5808,0.83985,0.81394,0.65001,0.74275,0.41645,2.34853,0.56902,0.81656,0.00073676,0.00073676,0.00073676
640,5802.93,2.30812,0.58761,0.83531,0.80974,0.6483,0.74138,0.41635,2.35789,0.57107,0.81667,0.00073478,0.00073478,0.00073478
641,5812.03,2.39818,0.59427,0.83834,0.80927,0.64806,0.74181,0.41237,2.3586,0.57165,0.81643,0.0007328,0.0007328,0.0007328
642,5820.89,2.24011,0.56994,0.83084,0.81226,0.64687,0.74172,0.41095,2.38933,0.57527,0.81769,0.00073082,0.00073082,0.00073082
643,5829.91,2.36786,0.5854,0.82975,0.81427,0.64704,0.74244,0.41037,2.40116,0.57723,0.81793,0.00072884,0.00072884,0.00072884
644,5838.98,2.26957,0.57914,0.83346,0.81278,0.64941,0.74282,0.4143,2.35724,0.57056,0.81639,0.00072686,0.00072686,0.00072686
645,5847.97,2.31034,0.57836,0.83171,0.81345,0.64801,0.74461,0.41624,2.34447,0.56717,0.81571,0.00072488,0.00072488,0.00072488
646,5857.09,2.40456,0.58966,0.82481,0.81403,0.65225,0.74776,0.41654,2.36049,0.5666,0.8159,0.0007229,0.0007229,0.0007229
647,5866.19,2.3311,0.58362,0.8288,0.82327,0.6556,0.74919,0.4103,2.42505,0.57545,0.81667,0.00072092,0.00072092,0.00072092
648,5875.3,2.34618,0.5897,0.83234,0.81978,0.6544,0.74951,0.41691,2.3863,0.56919,0.81652,0.00071894,0.00071894,0.00071894
649,5884.38,2.30766,0.5856,0.83218,0.82691,0.64625,0.74834,0.41884,2.37971,0.56972,0.81612,0.00071696,0.00071696,0.00071696
650,5893.32,2.32425,0.59018,0.82962,0.82597,0.64407,0.74438,0.41544,2.39205,0.5739,0.81651,0.00071498,0.00071498,0.00071498
651,5902.42,2.29027,0.58605,0.8387,0.82662,0.64715,0.74423,0.41525,2.37034,0.57053,0.81652,0.000713,0.000713,0.000713
652,5911.46,2.21005,0.56531,0.83044,0.81906,0.64443,0.73455,0.39454,2.47973,0.59771,0.81838,0.00071102,0.00071102,0.00071102
653,5920.55,2.40279,0.59911,0.8332,0.81492,0.64601,0.73579,0.39763,2.45922,0.59363,0.8177,0.00070904,0.00070904,0.00070904
654,5929.6,2.29219,0.58839,0.83698,0.81832,0.64415,0.7415,0.40973,2.39979,0.58023,0.81667,0.00070706,0.00070706,0.00070706
655,5938.66,2.35722,0.59245,0.8325,0.81899,0.64057,0.74514,0.42022,2.35379,0.5702,0.81702,0.00070508,0.00070508,0.00070508
656,5947.69,2.33131,0.59133,0.83542,0.82134,0.64028,0.74747,0.42053,2.38056,0.57611,0.81794,0.0007031,0.0007031,0.0007031
657,5956.71,2.33589,0.59447,0.83491,0.819,0.65096,0.75021,0.41897,2.40844,0.57196,0.81792,0.00070112,0.00070112,0.00070112
658,5965.7,2.23308,0.57126,0.83439,0.80998,0.65166,0.74831,0.41988,2.37611,0.56689,0.81664,0.00069914,0.00069914,0.00069914
659,5974.61,2.37702,0.58951,0.82672,0.81663,0.65073,0.75122,0.42184,2.34772,0.56318,0.81525,0.00069716,0.00069716,0.00069716
660,5983.56,2.21147,0.56482,0.83775,0.80404,0.65989,0.74991,0.41875,2.35793,0.56485,0.81588,0.00069518,0.00069518,0.00069518
661,5992.65,2.34848,0.58634,0.83544,0.80629,0.65259,0.74699,0.41619,2.3979,0.57223,0.81745,0.0006932,0.0006932,0.0006932
662,6001.6,2.24848,0.5738,0.82828,0.81163,0.6513,0.74757,0.41295,2.41118,0.57621,0.81816,0.00069122,0.00069122,0.00069122
663,6010.54,2.26337,0.57877,0.83549,0.80873,0.64472,0.74052,0.41652,2.34489,0.5662,0.81663,0.00068924,0.00068924,0.00068924
664,6019.34,2.2618,0.57668,0.83173,0.80667,0.64214,0.74052,0.41417,2.3651,0.57083,0.81643,0.00068726,0.00068726,0.00068726
665,6028.45,2.25767,0.57179,0.82311,0.81322,0.65087,0.74764,0.41553,2.36939,0.57052,0.81602,0.00068528,0.00068528,0.00068528
666,6037.48,2.30807,0.57841,0.82694,0.81348,0.65238,0.74889,0.41697,2.36755,0.56913,0.81618,0.0006833,0.0006833,0.0006833
667,6046.68,2.2913,0.57756,0.83296,0.81104,0.65016,0.74615,0.41913,2.34749,0.56526,0.81538,0.00068132,0.00068132,0.00068132
668,6055.82,2.33706,0.57856,0.83554,0.81756,0.64469,0.74431,0.4178,2.33743,0.56617,0.81544,0.00067934,0.00067934,0.00067934
669,6064.79,2.33756,0.58424,0.82977,0.81362,0.64613,0.74349,0.41709,2.34216,0.5665,0.81508,0.00067736,0.00067736,0.00067736
670,6073.77,2.32917,0.58717,0.83653,0.80625,0.6457,0.74044,0.41572,2.36037,0.57039,0.81572,0.00067538,0.00067538,0.00067538
671,6082.85,2.36177,0.58426,0.82679,0.80251,0.65091,0.7399,0.41276,2.35666,0.56992,0.8157,0.0006734,0.0006734,0.0006734
672,6091.88,2.31453,0.58074,0.82838,0.80916,0.65402,0.74726,0.41723,2.34629,0.56804,0.81473,0.00067142,0.00067142,0.00067142
673,6101.07,2.29294,0.57583,0.82545,0.81407,0.65631,0.75078,0.42452,2.33484,0.56685,0.8148,0.00066944,0.00066944,0.00066944
674,6110.32,2.40212,0.60069,0.84687,0.82402,0.65302,0.75276,0.42513,2.32706,0.56638,0.81451,0.00066746,0.00066746,0.00066746
675,6119.58,2.27359,0.57012,0.82805,0.81962,0.65545,0.7541,0.42852,2.30614,0.56217,0.81422,0.00066548,0.00066548,0.00066548
676,6128.82,2.26454,0.57611,0.83409,0.82636,0.6576,0.75353,0.4219,2.34171,0.56222,0.81457,0.0006635,0.0006635,0.0006635
677,6137.6,2.27256,0.57792,0.83663,0.82839,0.65505,0.75194,0.41883,2.3602,0.5649,0.81476,0.00066152,0.00066152,0.00066152
678,6146.55,2.29577,0.5833,0.83453,0.82281,0.66018,0.75517,0.42008,2.35229,0.56237,0.81456,0.00065954,0.00065954,0.00065954
679,6155.65,2.33882,0.58246,0.82993,0.81799,0.65846,0.75318,0.42251,2.35142,0.56481,0.81549,0.00065756,0.00065756,0.00065756
680,6164.8,2.3773,0.5887,0.82561,0.81554,0.65756,0.74955,0.41964,2.35522,0.56534,0.81607,0.00065558,0.00065558,0.00065558
681,6173.87,2.28072,0.57936,0.83041,0.80461,0.6537,0.74782,0.41776,2.37248,0.57144,0.81607,0.0006536,0.0006536,0.0006536
682,6182.86,2.25267,0.57262,0.83191,0.79798,0.64558,0.74352,0.4144,2.39067,0.5764,0.81619,0.00065162,0.00065162,0.00065162
683,6191.89,2.34969,0.5833,0.82832,0.80236,0.64916,0.74635,0.41873,2.35732,0.5669,0.81593,0.00064964,0.00064964,0.00064964
684,6200.96,2.25722,0.56974,0.83294,0.81465,0.65118,0.74601,0.41717,2.35225,0.56409,0.81525,0.00064766,0.00064766,0.00064766
685,6209.87,2.22143,0.57138,0.82786,0.81601,0.65044,0.75087,0.42299,2.32727,0.55996,0.81459,0.00064568,0.00064568,0.00064568
686,6218.83,2.28176,0.57527,0.82975,0.81201,0.64844,0.74753,0.42093,2.3524,0.56315,0.81484,0.0006437,0.0006437,0.0006437
687,6227.92,2.32071,0.58237,0.82882,0.82183,0.64386,0.74236,0.41769,2.33675,0.56185,0.81485,0.00064172,0.00064172,0.00064172
688,6236.98,2.26619,0.56796,0.82708,0.81835,0.64681,0.74266,0.41576,2.34613,0.56354,0.81459,0.00063974,0.00063974,0.00063974
689,6246.08,2.27372,0.57059,0.83348,0.81969,0.64944,0.74619,0.41941,2.33342,0.56211,0.8149,0.00063776,0.00063776,0.00063776
690,6255.14,2.32018,0.57725,0.82743,0.81989,0.64967,0.74656,0.42105,2.33966,0.56224,0.81509,0.00063578,0.00063578,0.00063578
691,6264.16,2.30443,0.57349,0.82343,0.82142,0.65054,0.74913,0.42192,2.34329,0.56481,0.81546,0.0006338,0.0006338,0.0006338
692,6273.21,2.28614,0.58367,0.8356,0.81629,0.64901,0.75112,0.42595,2.32847,0.56346,0.81457,0.00063182,0.00063182,0.00063182
693,6282.4,2.31193,0.58143,0.83286,0.81647,0.64825,0.75211,0.42623,2.31479,0.56156,0.81414,0.00062984,0.00062984,0.00062984
694,6291.6,2.3103,0.5777,0.83385,0.81815,0.64486,0.75137,0.42447,2.33133,0.56328,0.81436,0.00062786,0.00062786,0.00062786
695,6300.81,2.24313,0.56548,0.82514,0.82041,0.65202,0.75437,0.42925,2.31879,0.55689,0.81438,0.00062588,0.00062588,0.00062588
696,6310.12,2.2123,0.56392,0.83198,0.82079,0.65099,0.75501,0.42989,2.31648,0.55509,0.81503,0.0006239,0.0006239,0.0006239
697,6319.36,2.36952,0.58581,0.82322,0.82778,0.64372,0.75056,0.42796,2.34211,0.5569,0.81597,0.00062192,0.00062192,0.00062192
698,6328.21,2.20508,0.55934,0.83276,0.82058,0.64288,0.74656,0.42364,2.34312,0.55915,0.81564,0.00061994,0.00061994,0.00061994
699,6337.24,2.36689,0.5888,0.84038,0.82239,0.64157,0.74508,0.42282,2.3187,0.55814,0.81454,0.00061796,0.00061796,0.00061796
700,6346.27,2.30734,0.58333,0.83376,0.81814,0.63856,0.74187,0.41986,2.31694,0.56005,0.81386,0.00061598,0.00061598,0.00061598
701,6355.22,2.35398,0.58611,0.82835,0.80904,0.64744,0.74413,0.41729,2.35593,0.5648,0.81483,0.000614,0.000614,0.000614
702,6364.29,2.35022,0.58519,0.82728,0.81511,0.65126,0.7484,0.41549,2.39889,0.56852,0.81576,0.00061202,0.00061202,0.00061202
703,6373.52,2.3166,0.5809,0.82353,0.82502,0.65145,0.75562,0.42562,2.34048,0.56044,0.81485,0.00061004,0.00061004,0.00061004
704,6382.3,2.1908,0.5594,0.83186,0.82221,0.65102,0.75466,0.42919,2.32228,0.55839,0.81447,0.00060806,0.00060806,0.00060806
705,6391.35,2.31673,0.57655,0.82537,0.82113,0.64601,0.75158,0.42383,2.34398,0.55719,0.81485,0.00060608,0.00060608,0.00060608
706,6400.36,2.36871,0.59091,0.83924,0.8162,0.6452,0.74822,0.42177,2.33889,0.55706,0.81489,0.0006041,0.0006041,0.0006041
707,6409.4,2.18383,0.56196,0.82293,0.81639,0.64515,0.74723,0.42216,2.33472,0.55448,0.81424,0.00060212,0.00060212,0.00060212
708,6418.41,2.38639,0.59272,0.82772,0.80832,0.64944,0.74866,0.4239,2.35021,0.55938,0.81452,0.00060014,0.00060014,0.00060014
709,6427.43,2.28414,0.57344,0.82498,0.81686,0.64866,0.74844,0.42496,2.31572,0.55452,0.81349,0.00059816,0.00059816,0.00059816
710,6436.36,2.25804,0.57492,0.83227,0.82217,0.65102,0.7497,0.42125,2.32634,0.55943,0.81303,0.00059618,0.00059618,0.00059618
711,6445.31,2.29716,0.57373,0.8208,0.82532,0.64515,0.74712,0.42006,2.34278,0.56532,0.81318,0.0005942,0.0005942,0.0005942
712,6454.29,2.37103,0.58303,0.8302,0.82608,0.6459,0.74649,0.41875,2.35601,0.56612,0.81326,0.00059222,0.00059222,0.00059222
713,6463.42,2.30141,0.57778,0.82169,0.83046,0.64649,0.74632,0.4198,2.33152,0.5626,0.81283,0.00059024,0.00059024,0.00059024
714,6472.42,2.3108,0.57339,0.82104,0.82961,0.64601,0.74752,0.42604,2.3126,0.5573,0.81266,0.00058826,0.00058826,0.00058826
715,6481.35,2.34342,0.57787,0.83733,0.82759,0.64314,0.75259,0.43001,2.31113,0.5591,0.81225,0.00058628,0.00058628,0.00058628
716,6490.57,2.27601,0.57262,0.82875,0.82512,0.64171,0.74804,0.42344,2.34168,0.56481,0.81384,0.0005843,0.0005843,0.0005843
717,6499.45,2.21678,0.5626,0.82823,0.82236,0.64081,0.74555,0.42115,2.34301,0.56332,0.81389,0.00058232,0.00058232,0.00058232
718,6508.45,2.25077,0.56639,0.83041,0.82384,0.641,0.74597,0.42233,2.32824,0.56054,0.81383,0.00058034,0.00058034,0.00058034
719,6517.53,2.22275,0.5733,0.83643,0.8206,0.65081,0.75102,0.42441,2.3264,0.55989,0.81384,0.00057836,0.00057836,0.00057836
720,6526.59,2.30081,0.57847,0.83399,0.81156,0.65349,0.75041,0.42428,2.33429,0.56114,0.8135,0.00057638,0.00057638,0.00057638
721,6535.75,2.31378,0.57784,0.83257,0.81358,0.65718,0.75466,0.42824,2.32166,0.55916,0.81342,0.0005744,0.0005744,0.0005744
722,6544.91,2.4053,0.5876,0.82788,0.82126,0.65431,0.7542,0.42925,2.3199,0.55695,0.81373,0.00057242,0.00057242,0.00057242
723,6553.88,2.26214,0.57041,0.82868,0.82016,0.65517,0.75315,0.42573,2.32827,0.55811,0.81336,0.00057044,0.00057044,0.00057044
724,6562.94,2.32909,0.58296,0.83592,0.8151,0.6512,0.75272,0.42778,2.32039,0.55552,0.81373,0.00056846,0.00056846,0.00056846
725,6571.93,2.30288,0.57332,0.83533,0.81549,0.65188,0.75378,0.42816,2.31202,0.5532,0.8137,0.00056648,0.00056648,0.00056648
726,6581.01,2.27578,0.57385,0.82982,0.82133,0.65603,0.75611,0.42743,2.32532,0.55576,0.8141,0.0005645,0.0005645,0.0005645
727,6589.95,2.22648,0.56287,0.82933,0.82033,0.65225,0.75252,0.4231,2.36805,0.56292,0.81529,0.00056252,0.00056252,0.00056252
728,6598.82,2.27605,0.57038,0.83465,0.82141,0.65001,0.75265,0.42269,2.38122,0.56539,0.81622,0.00056054,0.00056054,0.00056054
729,6607.93,2.33557,0.57805,0.8381,0.81948,0.6596,0.75335,0.41871,2.37879,0.56788,0.81495,0.00055856,0.00055856,0.00055856
730,6616.77,2.28206,0.57691,0.83536,0.81896,0.65717,0.75078,0.41627,2.3917,0.56978,0.81483,0.00055658,0.00055658,0.00055658
731,6625.75,2.23431,0.57575,0.83933,0.81972,0.65431,0.7511,0.42214,2.36522,0.56346,0.81385,0.0005546,0.0005546,0.0005546
732,6634.83,2.33944,0.58317,0.83235,0.82229,0.6503,0.75204,0.42297,2.36508,0.56273,0.81403,0.00055262,0.00055262,0.00055262
733,6643.86,2.2791,0.57589,0.83122,0.83624,0.6503,0.75511,0.42594,2.34439,0.55964,0.814,0.00055064,0.00055064,0.00055064
734,6652.84,2.34374,0.59111,0.82672,0.83748,0.64887,0.75116,0.42585,2.33521,0.55861,0.8139,0.00054866,0.00054866,0.00054866
735,6661.86,2.30346,0.57512,0.82605,0.83085,0.65387,0.75148,0.42464,2.33512,0.56201,0.81337,0.00054668,0.00054668,0.00054668
736,6670.88,2.20264,0.56157,0.82743,0.8242,0.65331,0.752,0.42724,2.33204,0.55997,0.8135,0.0005447,0.0005447,0.0005447
737,6680.05,2.25585,0.56861,0.82793,0.8156,0.65502,0.75094,0.42724,2.3129,0.55612,0.81271,0.00054272,0.00054272,0.00054272
738,6689.05,2.24217,0.5666,0.82564,0.81494,0.65494,0.75079,0.42748,2.31456,0.55484,0.8127,0.00054074,0.00054074,0.00054074
739,6698.11,2.3218,0.57832,0.82975,0.81669,0.65388,0.75184,0.42725,2.32036,0.55382,0.81303,0.00053876,0.00053876,0.00053876
740,6707.18,2.41267,0.58928,0.82552,0.8166,0.65582,0.7522,0.42789,2.34217,0.55968,0.81362,0.00053678,0.00053678,0.00053678
741,6716.13,2.18635,0.5586,0.82426,0.82262,0.65202,0.75005,0.4255,2.33856,0.56029,0.81401,0.0005348,0.0005348,0.0005348
742,6724.96,2.20569,0.55884,0.83321,0.82613,0.64479,0.74596,0.4226,2.34203,0.56079,0.8143,0.00053282,0.00053282,0.00053282
743,6734.76,2.17586,0.55334,0.82138,0.81505,0.64912,0.74952,0.42861,2.31186,0.55377,0.81243,0.00053084,0.00053084,0.00053084
744,6743.89,2.24926,0.55756,0.82446,0.81603,0.6483,0.75101,0.43013,2.30923,0.55275,0.81249,0.00052886,0.00052886,0.00052886
745,6752.88,2.20042,0.55201,0.82762,0.82747,0.6523,0.75465,0.42706,2.33204,0.55566,0.81318,0.00052688,0.00052688,0.00052688
746,6761.86,2.31587,0.57141,0.82936,0.82479,0.65024,0.75058,0.41839,2.38392,0.56511,0.8144,0.0005249,0.0005249,0.0005249
747,6770.86,2.4554,0.59443,0.82501,0.82803,0.64717,0.74779,0.4177,2.39685,0.56535,0.81566,0.00052292,0.00052292,0.00052292
748,6780.14,2.29383,0.57443,0.82789,0.82425,0.64687,0.75142,0.42709,2.33332,0.55568,0.81359,0.00052094,0.00052094,0.00052094
749,6789.1,2.2898,0.57413,0.8305,0.82394,0.64629,0.75075,0.42763,2.32372,0.55332,0.813,0.00051896,0.00051896,0.00051896
750,6798.27,2.24293,0.56779,0.8314,0.82619,0.65374,0.75538,0.42875,2.30333,0.55406,0.81257,0.00051698,0.00051698,0.00051698
751,6807.35,2.27108,0.57853,0.82292,0.82244,0.65359,0.75353,0.42538,2.32349,0.55978,0.81252,0.000515,0.000515,0.000515
752,6816.31,2.2383,0.56419,0.8237,0.82043,0.65145,0.75225,0.42666,2.312,0.55647,0.81203,0.00051302,0.00051302,0.00051302
753,6825.35,2.07911,0.53863,0.82656,0.8197,0.65145,0.75418,0.43242,2.27122,0.54994,0.81158,0.00051104,0.00051104,0.00051104
754,6834.62,2.21553,0.5595,0.83232,0.81882,0.65403,0.75499,0.43117,2.28302,0.55078,0.81219,0.00050906,0.00050906,0.00050906
755,6843.65,2.17719,0.54893,0.82296,0.8155,0.65674,0.75502,0.4265,2.31805,0.55503,0.81289,0.00050708,0.00050708,0.00050708
756,6852.63,2.24929,0.55851,0.82487,0.81905,0.66024,0.7597,0.42726,2.32954,0.55884,0.81264,0.0005051,0.0005051,0.0005051
757,6861.62,2.213,0.5507,0.82814,0.82694,0.65674,0.75667,0.42888,2.29873,0.55534,0.8116,0.00050312,0.00050312,0.00050312
758,6870.76,2.29643,0.58138,0.82808,0.83583,0.65373,0.75638,0.4247,2.31501,0.5598,0.81207,0.00050114,0.00050114,0.00050114
759,6879.85,2.32016,0.57586,0.83053,0.8401,0.64873,0.75747,0.43403,2.28111,0.5511,0.81188,0.00049916,0.00049916,0.00049916
760,6889.18,2.28626,0.56944,0.82816,0.83208,0.64701,0.75496,0.42717,2.34764,0.56083,0.81367,0.00049718,0.00049718,0.00049718
761,6898.22,2.34858,0.57528,0.8359,0.83179,0.64858,0.75373,0.42707,2.33824,0.56082,0.81402,0.0004952,0.0004952,0.0004952
762,6907.16,2.20082,0.55952,0.82532,0.8321,0.64944,0.75295,0.42538,2.32417,0.56348,0.81327,0.00049322,0.00049322,0.00049322
763,6916.18,2.46135,0.59969,0.82483,0.83105,0.64944,0.74788,0.41389,2.37048,0.57481,0.8136,0.00049124,0.00049124,0.00049124
764,6925.2,2.27579,0.57345,0.82685,0.82692,0.64696,0.74901,0.4217,2.31144,0.55976,0.81242,0.00048926,0.00048926,0.00048926
765,6934.41,2.1865,0.56112,0.82823,0.80767,0.6523,0.74996,0.4272,2.27793,0.55141,0.81179,0.00048728,0.00048728,0.00048728
766,6943.32,2.41526,0.5912,0.83375,0.80638,0.64624,0.74741,0.42231,2.32609,0.55752,0.81293,0.0004853,0.0004853,0.0004853
767,6952.29,2.35633,0.58402,0.83376,0.81445,0.645,0.74719,0.42541,2.35244,0.56037,0.81459,0.00048332,0.00048332,0.00048332
768,6961.29,2.27732,0.57312,0.82893,0.81816,0.64958,0.74791,0.42486,2.32305,0.55493,0.81412,0.00048134,0.00048134,0.00048134
769,6970.4,2.21435,0.56301,0.83298,0.83245,0.64687,0.74871,0.42551,2.31238,0.55378,0.81344,0.00047936,0.00047936,0.00047936
770,6979.48,2.21865,0.56364,0.8391,0.82056,0.65803,0.75424,0.43383,2.26952,0.54565,0.8122,0.00047738,0.00047738,0.00047738
771,6988.41,2.25569,0.56036,0.81948,0.82331,0.65768,0.75833,0.43516,2.27674,0.54543,0.81201,0.0004754,0.0004754,0.0004754
772,6997.76,2.17243,0.54826,0.827,0.8228,0.66318,0.75993,0.43045,2.31997,0.55235,0.81268,0.00047342,0.00047342,0.00047342
773,7006.56,2.16282,0.54868,0.82449,0.82479,0.66147,0.75718,0.42549,2.33348,0.55558,0.81346,0.00047144,0.00047144,0.00047144
774,7015.51,2.24138,0.55707,0.82089,0.82619,0.65646,0.75404,0.42245,2.35033,0.55955,0.81382,0.00046946,0.00046946,0.00046946
775,7024.53,2.14069,0.54363,0.8218,0.82656,0.65746,0.75892,0.43335,2.28797,0.54905,0.81302,0.00046748,0.00046748,0.00046748
776,7033.51,2.31447,0.57433,0.82815,0.82847,0.65195,0.75837,0.43377,2.28919,0.55049,0.81277,0.0004655,0.0004655,0.0004655
777,7042.64,2.22542,0.56366,0.83005,0.82932,0.64815,0.75386,0.42724,2.32401,0.55417,0.8127,0.00046352,0.00046352,0.00046352
778,7051.91,2.32746,0.57785,0.82515,0.83075,0.64815,0.75377,0.42715,2.30386,0.55365,0.81246,0.00046154,0.00046154,0.00046154
779,7060.81,2.17403,0.54863,0.81612,0.82642,0.65188,0.75374,0.43069,2.28359,0.54968,0.81181,0.00045956,0.00045956,0.00045956
780,7069.94,2.23427,0.56329,0.83129,0.82083,0.6566,0.75783,0.43378,2.28601,0.54696,0.81195,0.00045758,0.00045758,0.00045758
781,7078.87,2.16762,0.54504,0.82748,0.82399,0.65817,0.76006,0.43597,2.276,0.54487,0.81166,0.0004556,0.0004556,0.0004556
782,7088.06,2.23969,0.56164,0.82239,0.82822,0.65918,0.76022,0.43418,2.28305,0.54559,0.81187,0.00045362,0.00045362,0.00045362
783,7096.98,2.1067,0.54255,0.82798,0.82499,0.65991,0.75979,0.4367,2.28681,0.54805,0.81135,0.00045164,0.00045164,0.00045164
784,7106.05,2.15793,0.55547,0.82474,0.82446,0.65545,0.75961,0.43953,2.26403,0.5436,0.8111,0.00044966,0.00044966,0.00044966
785,7115.29,2.27051,0.56413,0.82378,0.82636,0.65488,0.75866,0.4369,2.27223,0.54701,0.812,0.00044768,0.00044768,0.00044768
786,7124.33,2.17546,0.55196,0.82366,0.83883,0.64529,0.75457,0.43077,2.29725,0.55134,0.81262,0.0004457,0.0004457,0.0004457
787,7133.3,2.21115,0.55476,0.82837,0.83488,0.6427,0.74981,0.42387,2.32733,0.55763,0.81335,0.00044372,0.00044372,0.00044372
788,7142.3,2.26448,0.57342,0.83088,0.83238,0.64971,0.75398,0.42837,2.31483,0.55491,0.8132,0.00044174,0.00044174,0.00044174
789,7151.41,2.25008,0.56673,0.82486,0.8258,0.65416,0.75722,0.43219,2.29226,0.55193,0.81234,0.00043976,0.00043976,0.00043976
790,7160.38,2.14424,0.5459,0.82428,0.82279,0.65603,0.7573,0.4335,2.28754,0.55188,0.81267,0.00043778,0.00043778,0.00043778
791,7169.44,2.23159,0.55777,0.82579,0.83396,0.65282,0.75824,0.43432,2.26987,0.54947,0.81246,0.0004358,0.0004358,0.0004358
792,7178.42,2.27429,0.56908,0.82621,0.83421,0.65472,0.75669,0.43098,2.29573,0.55012,0.81261,0.00043382,0.00043382,0.00043382
793,7187.6,2.26809,0.56425,0.82111,0.83521,0.64744,0.75561,0.43053,2.30941,0.55365,0.81285,0.00043184,0.00043184,0.00043184
794,7196.62,2.25739,0.56367,0.82051,0.83267,0.64858,0.75426,0.43285,2.27696,0.54882,0.81206,0.00042986,0.00042986,0.00042986
795,7205.51,2.17219,0.55056,0.8282,0.84137,0.64687,0.75776,0.43565,2.25411,0.54624,0.81165,0.00042788,0.00042788,0.00042788
796,7214.65,2.22033,0.55623,0.81983,0.84551,0.64801,0.75897,0.43773,2.25129,0.54419,0.81165,0.0004259,0.0004259,0.0004259
797,7223.68,2.1976,0.54125,0.82107,0.83844,0.65223,0.76052,0.43646,2.27382,0.54506,0.81196,0.00042392,0.00042392,0.00042392
798,7232.63,2.12564,0.53996,0.82445,0.8339,0.65417,0.75957,0.43243,2.30674,0.54971,0.81216,0.00042194,0.00042194,0.00042194
799,7241.71,2.15368,0.54813,0.82933,0.83183,0.65635,0.76235,0.4368,2.28086,0.54647,0.81192,0.00041996,0.00041996,0.00041996
800,7250.76,2.15912,0.54762,0.82414,0.82967,0.65488,0.75953,0.43834,2.26526,0.54446,0.81153,0.00041798,0.00041798,0.00041798
801,7259.89,2.23149,0.55514,0.82303,0.83318,0.64958,0.75582,0.43438,2.26365,0.54733,0.8116,0.000416,0.000416,0.000416
802,7268.99,2.13623,0.55221,0.8309,0.83407,0.65159,0.75495,0.4317,2.28061,0.55125,0.81199,0.00041402,0.00041402,0.00041402
803,7278.08,2.19501,0.55314,0.82754,0.82902,0.65116,0.7539,0.42992,2.3019,0.55518,0.81215,0.00041204,0.00041204,0.00041204
804,7287.19,2.24273,0.56091,0.82351,0.8346,0.65077,0.75733,0.43236,2.29456,0.55326,0.81209,0.00041006,0.00041006,0.00041006
805,7296.33,2.21439,0.56246,0.82806,0.83661,0.6493,0.75586,0.43265,2.27751,0.54956,0.81183,0.00040808,0.00040808,0.00040808
806,7305.3,2.2134,0.55212,0.82446,0.83841,0.64987,0.75631,0.43228,2.2756,0.55074,0.81169,0.0004061,0.0004061,0.0004061
807,7314.33,2.22066,0.55933,0.83379,0.82825,0.65431,0.75825,0.43232,2.29251,0.55334,0.81182,0.00040412,0.00040412,0.00040412
808,7323.34,2.21339,0.55687,0.82117,0.82783,0.65331,0.75776,0.43152,2.29299,0.55453,0.81193,0.00040214,0.00040214,0.00040214
809,7332.41,2.15637,0.54784,0.8283,0.82923,0.65001,0.75644,0.43389,2.27376,0.54818,0.81193,0.00040016,0.00040016,0.00040016
810,7341.53,2.23416,0.55499,0.81793,0.83098,0.64958,0.75903,0.43708,2.27457,0.54649,0.81209,0.00039818,0.00039818,0.00039818
811,7350.5,2.20486,0.55357,0.83159,0.82628,0.64944,0.75655,0.43546,2.2827,0.546,0.81237,0.0003962,0.0003962,0.0003962
812,7359.49,2.2361,0.56242,0.82612,0.8238,0.65059,0.75437,0.43182,2.28209,0.54991,0.81174,0.00039422,0.00039422,0.00039422
813,7368.46,2.14277,0.55027,0.82862,0.82244,0.65145,0.75393,0.43164,2.27393,0.54969,0.81153,0.00039224,0.00039224,0.00039224
814,7377.44,2.23674,0.55902,0.8286,0.82842,0.65033,0.75441,0.43207,2.27108,0.54839,0.81114,0.00039026,0.00039026,0.00039026
815,7386.59,2.24269,0.55669,0.81783,0.83263,0.65372,0.75732,0.4297,2.30282,0.55355,0.81174,0.00038828,0.00038828,0.00038828
816,7395.7,2.19359,0.55058,0.82048,0.83173,0.65376,0.7584,0.43016,2.30491,0.55364,0.81167,0.0003863,0.0003863,0.0003863
817,7404.77,2.11776,0.54206,0.82877,0.82847,0.65288,0.75625,0.43421,2.27184,0.55053,0.81198,0.00038432,0.00038432,0.00038432
818,7413.75,2.28808,0.56493,0.82565,0.83241,0.65055,0.75518,0.43163,2.27244,0.54932,0.81184,0.00038234,0.00038234,0.00038234
819,7422.68,2.21236,0.55149,0.82022,0.82928,0.64944,0.7532,0.4299,2.28666,0.55296,0.81211,0.00038036,0.00038036,0.00038036
820,7431.86,2.27828,0.56257,0.82368,0.8313,0.65104,0.75651,0.43126,2.2922,0.5513,0.81261,0.00037838,0.00037838,0.00037838
821,7441.03,2.25131,0.56681,0.83618,0.83242,0.65288,0.75782,0.42935,2.29722,0.5508,0.81241,0.0003764,0.0003764,0.0003764
822,7449.95,2.13952,0.54494,0.81913,0.8306,0.65646,0.7578,0.42831,2.30696,0.55318,0.81242,0.00037442,0.00037442,0.00037442
823,7459.08,2.1671,0.54564,0.82064,0.83264,0.6596,0.76043,0.43277,2.30185,0.55266,0.81231,0.00037244,0.00037244,0.00037244
824,7468.15,2.26074,0.56892,0.828,0.83294,0.65588,0.7595,0.4358,2.29226,0.54962,0.81213,0.00037046,0.00037046,0.00037046
825,7477.36,2.21632,0.55932,0.82505,0.83622,0.65632,0.75997,0.43476,2.27777,0.54593,0.81164,0.00036848,0.00036848,0.00036848
826,7486.32,2.24966,0.56573,0.82255,0.83435,0.65731,0.75891,0.43252,2.29524,0.54814,0.81192,0.0003665,0.0003665,0.0003665
827,7495.31,2.20839,0.54903,0.82588,0.83281,0.65746,0.76029,0.43452,2.30335,0.54859,0.81259,0.00036452,0.00036452,0.00036452
828,7504.3,2.21503,0.55214,0.82633,0.83511,0.65789,0.76268,0.43712,2.29112,0.54686,0.81251,0.00036254,0.00036254,0.00036254
829,7513.28,2.17584,0.54928,0.82447,0.83807,0.65563,0.76182,0.43689,2.29212,0.54805,0.81243,0.00036056,0.00036056,0.00036056
830,7522.25,2.1693,0.54558,0.82155,0.84008,0.65316,0.75893,0.43515,2.29638,0.54983,0.81266,0.00035858,0.00035858,0.00035858
831,7531.42,2.17142,0.55014,0.82602,0.83768,0.64815,0.7557,0.43357,2.28055,0.55031,0.812,0.0003566,0.0003566,0.0003566
832,7540.39,2.2119,0.55977,0.82927,0.83452,0.64887,0.755,0.43461,2.26934,0.54632,0.81157,0.00035462,0.00035462,0.00035462
833,7549.46,2.12036,0.53991,0.82038,0.84171,0.65081,0.75924,0.43847,2.2557,0.54543,0.81072,0.00035264,0.00035264,0.00035264
834,7558.35,2.1246,0.54409,0.82277,0.83511,0.65216,0.75826,0.43711,2.26266,0.54665,0.81101,0.00035066,0.00035066,0.00035066
835,7567.43,2.18706,0.55113,0.8215,0.83414,0.65439,0.75909,0.43755,2.27094,0.54686,0.81108,0.00034868,0.00034868,0.00034868
836,7576.39,2.12617,0.539,0.82619,0.836,0.65273,0.75651,0.43333,2.28718,0.5502,0.81162,0.0003467,0.0003467,0.0003467
837,7585.43,2.14263,0.54469,0.82188,0.8371,0.65245,0.75628,0.43113,2.28739,0.55222,0.812,0.00034472,0.00034472,0.00034472
838,7594.49,2.27269,0.56946,0.83171,0.83481,0.65173,0.75825,0.43451,2.28174,0.54966,0.81139,0.00034274,0.00034274,0.00034274
839,7603.6,2.18152,0.56342,0.82115,0.82391,0.65502,0.76005,0.43701,2.31033,0.5529,0.81223,0.00034076,0.00034076,0.00034076
840,7612.61,2.23015,0.55576,0.82704,0.82238,0.65846,0.76305,0.44035,2.29673,0.55021,0.81206,0.00033878,0.00033878,0.00033878
841,7622.02,2.18619,0.55254,0.82851,0.82737,0.66271,0.76322,0.43637,2.29783,0.54936,0.81153,0.0003368,0.0003368,0.0003368
842,7631.04,2.15184,0.55031,0.82556,0.82394,0.66304,0.76219,0.43247,2.31739,0.55177,0.81209,0.00033482,0.00033482,0.00033482
843,7640.02,2.14713,0.54435,0.82407,0.8294,0.65774,0.76177,0.4361,2.29729,0.5489,0.8116,0.00033284,0.00033284,0.00033284
844,7649.05,2.21443,0.55716,0.8248,0.83865,0.65253,0.76406,0.44329,2.25879,0.54228,0.81079,0.00033086,0.00033086,0.00033086
845,7658.24,2.21099,0.55526,0.82245,0.83793,0.65531,0.76429,0.44277,2.24542,0.54233,0.81036,0.00032888,0.00032888,0.00032888
846,7667.35,2.15707,0.55175,0.82656,0.83584,0.65703,0.7638,0.44207,2.24324,0.54293,0.81023,0.0003269,0.0003269,0.0003269
847,7676.22,2.18246,0.54503,0.82449,0.82662,0.65996,0.76238,0.4382,2.26867,0.5466,0.81012,0.00032492,0.00032492,0.00032492
848,7685.3,2.15704,0.54203,0.81995,0.82525,0.6557,0.76049,0.43765,2.28569,0.54894,0.81043,0.00032294,0.00032294,0.00032294
849,7694.43,2.22012,0.54742,0.82109,0.8415,0.65001,0.76155,0.43965,2.2607,0.54296,0.81057,0.00032096,0.00032096,0.00032096
850,7703.27,2.16824,0.54804,0.82642,0.83963,0.64916,0.75933,0.43748,2.25199,0.54232,0.8108,0.00031898,0.00031898,0.00031898
851,7712.19,2.19235,0.54762,0.8183,0.84655,0.64595,0.75831,0.4381,2.24487,0.54123,0.81076,0.000317,0.000317,0.000317
852,7721.17,2.19771,0.55001,0.82314,0.84083,0.643,0.75565,0.4362,2.27935,0.54733,0.81121,0.00031502,0.00031502,0.00031502
853,7730.19,2.18367,0.54443,0.82661,0.83705,0.64632,0.75697,0.43569,2.28905,0.54884,0.81104,0.00031304,0.00031304,0.00031304
854,7739.17,2.1606,0.54409,0.82217,0.83502,0.65145,0.7586,0.43767,2.2779,0.54591,0.8111,0.00031106,0.00031106,0.00031106
855,7748.27,2.20453,0.54333,0.8188,0.83074,0.65971,0.76258,0.44034,2.25221,0.54214,0.81029,0.00030908,0.00030908,0.00030908
856,7757.25,2.13754,0.54371,0.82356,0.8269,0.65846,0.76253,0.44378,2.24786,0.54171,0.81006,0.0003071,0.0003071,0.0003071
857,7766.58,2.15537,0.54326,0.82187,0.83155,0.65432,0.76138,0.44561,2.24266,0.54022,0.81012,0.00030512,0.00030512,0.00030512
858,7776,2.23848,0.55479,0.82383,0.83948,0.65173,0.76421,0.44523,2.23502,0.53783,0.80969,0.00030314,0.00030314,0.00030314
859,7784.96,2.11069,0.53722,0.8259,0.83846,0.65617,0.76451,0.44257,2.248,0.54,0.80988,0.00030116,0.00030116,0.00030116
860,7794.08,2.22563,0.55507,0.82105,0.83049,0.66147,0.76227,0.43691,2.28134,0.5457,0.81069,0.00029918,0.00029918,0.00029918
861,7803.09,2.12661,0.5341,0.82016,0.83472,0.65717,0.76343,0.43976,2.27187,0.54319,0.81063,0.0002972,0.0002972,0.0002972
862,7811.83,2.0755,0.52905,0.82177,0.83723,0.65603,0.76564,0.44177,2.26487,0.54188,0.81075,0.00029522,0.00029522,0.00029522
863,7820.91,2.07237,0.52798,0.82213,0.83747,0.65646,0.76485,0.44256,2.23851,0.53941,0.81046,0.00029324,0.00029324,0.00029324
864,7829.85,2.08927,0.53532,0.82033,0.83259,0.66304,0.76634,0.44204,2.24718,0.54105,0.81066,0.00029126,0.00029126,0.00029126
865,7839.07,2.22296,0.54659,0.81665,0.83401,0.65789,0.76679,0.43972,2.28362,0.54704,0.81113,0.00028928,0.00028928,0.00028928
866,7848.01,2.11905,0.53439,0.83032,0.83944,0.65946,0.7675,0.43829,2.29033,0.54915,0.81102,0.0002873,0.0002873,0.0002873
867,7857.11,2.18405,0.54659,0.8204,0.83859,0.66037,0.76671,0.4381,2.28384,0.54849,0.81086,0.00028532,0.00028532,0.00028532
868,7866.32,2.13888,0.54306,0.82727,0.83883,0.65545,0.76356,0.44142,2.25523,0.54228,0.81058,0.00028334,0.00028334,0.00028334
869,7875.44,2.30397,0.55934,0.81789,0.84122,0.65431,0.76315,0.44199,2.23851,0.54024,0.81056,0.00028136,0.00028136,0.00028136
870,7884.42,2.1157,0.54094,0.82573,0.83952,0.6523,0.7607,0.44024,2.23958,0.54327,0.81065,0.00027938,0.00027938,0.00027938
871,7893.65,2.25887,0.55493,0.82711,0.83719,0.65302,0.76084,0.43694,2.26678,0.54348,0.81062,0.0002774,0.0002774,0.0002774
872,7902.6,2.11716,0.53873,0.82456,0.83328,0.65359,0.76142,0.43904,2.2617,0.54116,0.81047,0.00027542,0.00027542,0.00027542
873,7911.67,2.1619,0.54614,0.82299,0.83647,0.65359,0.76558,0.44436,2.22526,0.53471,0.80952,0.00027344,0.00027344,0.00027344
874,7920.69,2.11364,0.53832,0.82245,0.83591,0.65557,0.76417,0.44514,2.22401,0.5362,0.8095,0.00027146,0.00027146,0.00027146
875,7929.74,2.12222,0.54098,0.83366,0.83411,0.6556,0.76344,0.44467,2.23023,0.53932,0.80959,0.00026948,0.00026948,0.00026948
876,7938.95,2.17359,0.53991,0.82582,0.8372,0.64958,0.76131,0.44282,2.24276,0.54011,0.81025,0.0002675,0.0002675,0.0002675
877,7947.85,2.04713,0.52602,0.82018,0.82835,0.65693,0.76122,0.44215,2.23391,0.53826,0.81021,0.00026552,0.00026552,0.00026552
878,7956.85,2.16508,0.54388,0.82516,0.82806,0.65545,0.7602,0.44167,2.23933,0.53825,0.8103,0.00026354,0.00026354,0.00026354
879,7965.98,2.10438,0.5386,0.82618,0.83007,0.65689,0.76221,0.44379,2.22828,0.53692,0.81028,0.00026156,0.00026156,0.00026156
880,7975.09,2.14222,0.54006,0.81878,0.83178,0.65617,0.76276,0.44403,2.23316,0.53699,0.81014,0.00025958,0.00025958,0.00025958
881,7984.29,2.19879,0.54733,0.82263,0.83689,0.65746,0.76508,0.44489,2.2399,0.5382,0.81012,0.0002576,0.0002576,0.0002576
882,7993.29,2.19266,0.55594,0.82285,0.83553,0.6586,0.76546,0.44266,2.25244,0.54039,0.81048,0.00025562,0.00025562,0.00025562
883,8002.34,2.1769,0.54528,0.81688,0.83413,0.65918,0.76527,0.44087,2.26673,0.54282,0.81104,0.00025364,0.00025364,0.00025364
884,8011.35,2.17161,0.54541,0.82679,0.83974,0.65706,0.76147,0.43614,2.26356,0.54559,0.81083,0.00025166,0.00025166,0.00025166
885,8020.33,2.17358,0.54927,0.82782,0.84359,0.65625,0.76205,0.43652,2.25876,0.54412,0.81098,0.00024968,0.00024968,0.00024968
886,8029.48,2.12136,0.53829,0.82241,0.84026,0.65505,0.76071,0.43976,2.23512,0.54039,0.81077,0.0002477,0.0002477,0.0002477
887,8038.58,2.10993,0.53401,0.82326,0.8381,0.65359,0.764,0.4431,2.25187,0.54573,0.81112,0.00024572,0.00024572,0.00024572
888,8047.63,2.08531,0.53699,0.8268,0.83529,0.65189,0.76222,0.44115,2.26337,0.54521,0.81154,0.00024374,0.00024374,0.00024374
889,8056.72,2.2006,0.55001,0.82775,0.84533,0.65216,0.76353,0.44171,2.24356,0.54093,0.81143,0.00024176,0.00024176,0.00024176
890,8065.66,2.21513,0.56115,0.83013,0.84096,0.65319,0.76171,0.43979,2.24703,0.54235,0.81133,0.00023978,0.00023978,0.00023978
891,8074.68,2.11913,0.53725,0.82497,0.84146,0.65159,0.76101,0.43929,2.24091,0.54179,0.81122,0.0002378,0.0002378,0.0002378
892,8083.79,2.18415,0.53895,0.81664,0.83398,0.65445,0.76197,0.44338,2.2262,0.53561,0.81061,0.00023582,0.00023582,0.00023582
893,8092.85,2.15192,0.5482,0.82327,0.83333,0.65646,0.76472,0.44377,2.22579,0.53552,0.81019,0.00023384,0.00023384,0.00023384
894,8102.22,2.18875,0.54422,0.81659,0.8326,0.65641,0.76371,0.44355,2.22548,0.53523,0.81012,0.00023186,0.00023186,0.00023186
895,8111.64,2.12887,0.53562,0.8139,0.83252,0.65345,0.76138,0.4439,2.22939,0.53747,0.81002,0.00022988,0.00022988,0.00022988
896,8120.73,2.16349,0.53921,0.82579,0.83172,0.65513,0.7626,0.44567,2.22646,0.53676,0.80999,0.0002279,0.0002279,0.0002279
897,8130.15,2.17017,0.5404,0.81673,0.83252,0.65846,0.76426,0.44559,2.22104,0.53743,0.80988,0.00022592,0.00022592,0.00022592
898,8139.59,2.23211,0.54839,0.81995,0.8386,0.65875,0.76676,0.44516,2.22902,0.53864,0.81006,0.00022394,0.00022394,0.00022394
899,8148.51,2.13166,0.54228,0.82264,0.83934,0.65889,0.76714,0.44526,2.23244,0.53886,0.8101,0.00022196,0.00022196,0.00022196
900,8157.54,2.10714,0.53206,0.82228,0.8401,0.65731,0.76873,0.4473,2.24758,0.54089,0.8103,0.00021998,0.00021998,0.00021998
901,8166.78,2.15524,0.5392,0.82567,0.83788,0.66061,0.77107,0.44875,2.23873,0.53874,0.81037,0.000218,0.000218,0.000218
902,8175.96,2.2013,0.55483,0.83099,0.83558,0.66275,0.77097,0.4508,2.22081,0.53724,0.80977,0.00021602,0.00021602,0.00021602
903,8185.31,2.1134,0.54034,0.82771,0.84391,0.6594,0.76838,0.44495,2.21807,0.54027,0.80922,0.00021404,0.00021404,0.00021404
904,8194.47,2.18302,0.54849,0.82003,0.8432,0.65689,0.76596,0.44304,2.21873,0.54098,0.80932,0.00021206,0.00021206,0.00021206
905,8203.49,2.1576,0.54368,0.8228,0.84041,0.65316,0.76294,0.4439,2.2183,0.54156,0.80948,0.00021008,0.00021008,0.00021008
906,8212.42,2.21693,0.55551,0.82538,0.83854,0.65419,0.76281,0.44254,2.22913,0.54287,0.80973,0.0002081,0.0002081,0.0002081
907,8221.31,2.13507,0.536,0.81756,0.83609,0.65359,0.76152,0.44125,2.23564,0.54438,0.81003,0.00020612,0.00020612,0.00020612
908,8230.25,2.14544,0.54272,0.81737,0.83864,0.65467,0.76182,0.43851,2.23644,0.5421,0.80992,0.00020414,0.00020414,0.00020414
909,8239.25,2.21911,0.55576,0.82218,0.83792,0.65642,0.76205,0.4377,2.24173,0.54169,0.80999,0.00020216,0.00020216,0.00020216
910,8248.25,2.11681,0.53645,0.82191,0.83841,0.65653,0.76265,0.43878,2.24198,0.54136,0.8098,0.00020018,0.00020018,0.00020018
911,8257.31,2.14351,0.53897,0.82555,0.83541,0.65682,0.7647,0.44355,2.22577,0.53876,0.80907,0.0001982,0.0001982,0.0001982
912,8266.36,2.15382,0.53766,0.82088,0.83272,0.65689,0.76441,0.44553,2.2217,0.5392,0.80885,0.00019622,0.00019622,0.00019622
913,8275.57,2.12591,0.53607,0.81981,0.836,0.65747,0.76698,0.44651,2.21298,0.53623,0.80881,0.00019424,0.00019424,0.00019424
914,8284.78,2.08795,0.53021,0.82017,0.83577,0.65778,0.766,0.44515,2.22562,0.53757,0.80921,0.00019226,0.00019226,0.00019226
915,8293.76,2.162,0.54643,0.81928,0.83583,0.66026,0.76625,0.4433,2.23828,0.53851,0.80949,0.00019028,0.00019028,0.00019028
916,8302.91,2.15516,0.5404,0.8224,0.83764,0.65975,0.76732,0.44377,2.23638,0.53836,0.80955,0.0001883,0.0001883,0.0001883
917,8311.93,2.13131,0.53474,0.82653,0.83655,0.66232,0.76784,0.44627,2.22199,0.53563,0.80972,0.00018632,0.00018632,0.00018632
918,8321.2,2.1584,0.53621,0.81728,0.83484,0.66376,0.76861,0.44736,2.20847,0.53366,0.80952,0.00018434,0.00018434,0.00018434
919,8330.21,2.12258,0.53185,0.81971,0.83272,0.6659,0.76835,0.44665,2.21251,0.53389,0.80912,0.00018236,0.00018236,0.00018236
920,8339.13,2.07936,0.52562,0.81818,0.83118,0.66605,0.76911,0.4466,2.21555,0.53417,0.80906,0.00018038,0.00018038,0.00018038
921,8348.19,2.09699,0.5376,0.81974,0.82874,0.66776,0.76967,0.44638,2.21733,0.53435,0.80882,0.0001784,0.0001784,0.0001784
922,8357.31,2.09782,0.53463,0.81989,0.82808,0.66662,0.76784,0.44707,2.2031,0.53421,0.80869,0.00017642,0.00017642,0.00017642
923,8366.39,2.23081,0.54802,0.81886,0.83581,0.66175,0.76722,0.44763,2.19541,0.53229,0.8085,0.00017444,0.00017444,0.00017444
924,8375.52,2.13886,0.53391,0.82006,0.83328,0.65892,0.76445,0.44693,2.20263,0.53342,0.80859,0.00017246,0.00017246,0.00017246
925,8384.35,2.09925,0.53774,0.82251,0.83357,0.65774,0.76376,0.44646,2.20688,0.5332,0.80862,0.00017048,0.00017048,0.00017048
926,8393.25,2.12581,0.5344,0.82211,0.83545,0.65698,0.76331,0.44621,2.20244,0.53312,0.80857,0.0001685,0.0001685,0.0001685
927,8402.32,2.02176,0.51406,0.81409,0.83267,0.65533,0.76259,0.44591,2.19359,0.53217,0.8094,0.00016652,0.00016652,0.00016652
928,8411.34,2.10071,0.52962,0.81945,0.83185,0.65803,0.76374,0.44584,2.20655,0.53394,0.80977,0.00016454,0.00016454,0.00016454
929,8420.49,2.21326,0.5462,0.82519,0.83832,0.65611,0.76807,0.44868,2.21915,0.53698,0.8098,0.00016256,0.00016256,0.00016256
930,8429.51,2.05773,0.52066,0.81519,0.83886,0.6556,0.76824,0.44925,2.21996,0.53713,0.80973,0.00016058,0.00016058,0.00016058
931,8438.66,2.08649,0.5246,0.81371,0.83815,0.65417,0.76663,0.44872,2.21606,0.53646,0.80923,0.0001586,0.0001586,0.0001586
932,8447.84,2.13025,0.53826,0.82942,0.83383,0.65402,0.7647,0.44936,2.20254,0.53431,0.80869,0.00015662,0.00015662,0.00015662
933,8456.87,2.18189,0.54341,0.81969,0.83566,0.65436,0.76494,0.45012,2.19438,0.53279,0.80849,0.00015464,0.00015464,0.00015464
934,8465.86,2.14401,0.53973,0.82736,0.83566,0.65434,0.76487,0.45034,2.19162,0.53291,0.80853,0.00015266,0.00015266,0.00015266
935,8474.8,2.1787,0.54317,0.82115,0.8366,0.65889,0.76461,0.4478,2.19792,0.53372,0.80883,0.00015068,0.00015068,0.00015068
936,8483.82,2.14038,0.53691,0.82599,0.83608,0.66104,0.76577,0.44704,2.20373,0.53518,0.80894,0.0001487,0.0001487,0.0001487
937,8492.93,2.18441,0.54328,0.81732,0.83816,0.66118,0.7675,0.44904,2.20648,0.53642,0.80923,0.00014672,0.00014672,0.00014672
938,8501.98,2.08585,0.53712,0.82666,0.83842,0.66181,0.76797,0.44899,2.20509,0.53598,0.80921,0.00014474,0.00014474,0.00014474
939,8511.05,2.20879,0.54663,0.81972,0.83807,0.66305,0.7687,0.45028,2.19271,0.53373,0.80888,0.00014276,0.00014276,0.00014276
940,8520.13,2.12239,0.53771,0.82761,0.83956,0.66433,0.7702,0.45096,2.18441,0.53307,0.80866,0.00014078,0.00014078,0.00014078
941,8529.49,2.12995,0.52879,0.81624,0.83706,0.66476,0.77069,0.45087,2.18207,0.5332,0.80851,0.0001388,0.0001388,0.0001388
942,8538.55,2.13278,0.53724,0.82702,0.83441,0.66633,0.77048,0.45093,2.18385,0.53246,0.8085,0.00013682,0.00013682,0.00013682
943,8547.87,2.19571,0.54745,0.82083,0.83528,0.66247,0.76891,0.45107,2.1878,0.53316,0.80848,0.00013484,0.00013484,0.00013484
944,8556.74,2.07199,0.53397,0.82535,0.83526,0.66189,0.76865,0.4518,2.18298,0.53289,0.80839,0.00013286,0.00013286,0.00013286
945,8566.17,2.15379,0.53805,0.82249,0.83763,0.66089,0.76861,0.45157,2.18433,0.53434,0.8081,0.00013088,0.00013088,0.00013088
946,8575.27,2.07067,0.52744,0.82524,0.8369,0.65989,0.76862,0.45208,2.18682,0.53463,0.80809,0.0001289,0.0001289,0.0001289
947,8584.52,2.18479,0.53787,0.81787,0.83578,0.65857,0.76819,0.4524,2.1851,0.53367,0.80791,0.00012692,0.00012692,0.00012692
948,8593.86,2.21241,0.55082,0.82455,0.83587,0.66044,0.76744,0.45238,2.17448,0.53239,0.80809,0.00012494,0.00012494,0.00012494
949,8602.75,2.09206,0.5224,0.82359,0.83644,0.66089,0.76694,0.45023,2.17553,0.53245,0.8082,0.00012296,0.00012296,0.00012296
950,8611.78,2.07034,0.52597,0.82058,0.83517,0.66221,0.76634,0.44932,2.1802,0.53254,0.80814,0.00012098,0.00012098,0.00012098
951,8620.8,2.09835,0.531,0.81574,0.83274,0.66564,0.76706,0.44826,2.18458,0.53283,0.80837,0.000119,0.000119,0.000119
952,8629.74,2.12333,0.5324,0.81683,0.83335,0.66605,0.76847,0.44956,2.18629,0.53286,0.80844,0.00011702,0.00011702,0.00011702
953,8638.74,2.0304,0.51476,0.8185,0.83529,0.66496,0.76985,0.45283,2.18375,0.53216,0.808,0.00011504,0.00011504,0.00011504
954,8647.95,2.13204,0.53782,0.82577,0.83643,0.66519,0.77123,0.45357,2.18215,0.53224,0.80795,0.00011306,0.00011306,0.00011306
955,8657.18,2.02786,0.51468,0.81496,0.8399,0.66306,0.77159,0.45348,2.1758,0.53163,0.80803,0.00011108,0.00011108,0.00011108
956,8666.24,2.06833,0.52538,0.81882,0.8366,0.6629,0.77142,0.45368,2.17916,0.53128,0.80826,0.0001091,0.0001091,0.0001091
957,8675.44,2.00959,0.522,0.82639,0.83384,0.66659,0.77247,0.45369,2.18108,0.53121,0.80827,0.00010712,0.00010712,0.00010712
958,8684.82,2.16457,0.53948,0.82707,0.83182,0.66832,0.77235,0.45358,2.18762,0.53167,0.80834,0.00010514,0.00010514,0.00010514
959,8693.9,2.22771,0.54551,0.82376,0.83336,0.66573,0.77094,0.45303,2.18613,0.53175,0.80823,0.00010316,0.00010316,0.00010316
960,8702.75,2.0414,0.5241,0.81912,0.8345,0.66676,0.77173,0.45329,2.18593,0.53022,0.80816,0.00010118,0.00010118,0.00010118
961,8711.75,2.0308,0.52101,0.82079,0.83859,0.6656,0.7722,0.45368,2.18701,0.53181,0.80826,9.92e-05,9.92e-05,9.92e-05
962,8720.8,2.12504,0.52837,0.81797,0.83911,0.66433,0.77192,0.45473,2.18762,0.53172,0.80845,9.722e-05,9.722e-05,9.722e-05
963,8730.06,2.02988,0.5144,0.82042,0.83798,0.66333,0.77153,0.45474,2.19076,0.53102,0.80852,9.524e-05,9.524e-05,9.524e-05
964,8739.18,2.09223,0.5317,0.81819,0.8399,0.66232,0.77065,0.45438,2.18889,0.53058,0.8083,9.326e-05,9.326e-05,9.326e-05
965,8748.08,2.18415,0.53923,0.82431,0.84207,0.66232,0.77086,0.45271,2.18914,0.53119,0.80807,9.128e-05,9.128e-05,9.128e-05
966,8757.16,2.13025,0.53409,0.81653,0.84028,0.66218,0.77048,0.45216,2.18624,0.53172,0.80803,8.93e-05,8.93e-05,8.93e-05
967,8766.27,2.11457,0.5306,0.81958,0.83953,0.66203,0.77001,0.45153,2.18464,0.53129,0.80808,8.732e-05,8.732e-05,8.732e-05
968,8775.34,2.15249,0.53805,0.82138,0.83894,0.66284,0.76933,0.45085,2.19316,0.53194,0.80821,8.534e-05,8.534e-05,8.534e-05
969,8784.45,2.11844,0.5265,0.81604,0.83876,0.66275,0.76913,0.44856,2.20024,0.53341,0.80835,8.336e-05,8.336e-05,8.336e-05
970,8793.45,2.0609,0.52032,0.82153,0.83481,0.6648,0.76875,0.44879,2.20176,0.53353,0.8085,8.138e-05,8.138e-05,8.138e-05
971,8802.49,2.03903,0.51892,0.82126,0.83845,0.66404,0.76877,0.44965,2.19605,0.53256,0.80833,7.94e-05,7.94e-05,7.94e-05
972,8811.59,2.13017,0.53586,0.82094,0.84012,0.66533,0.77088,0.45139,2.18918,0.53012,0.80823,7.742e-05,7.742e-05,7.742e-05
973,8820.49,1.98086,0.5114,0.81517,0.83994,0.66504,0.77119,0.45212,2.18528,0.53014,0.80807,7.544e-05,7.544e-05,7.544e-05
974,8829.51,2.11271,0.52869,0.81733,0.84283,0.66476,0.77218,0.45369,2.18639,0.53004,0.80797,7.346e-05,7.346e-05,7.346e-05
975,8838.5,2.09882,0.52837,0.82098,0.84318,0.66268,0.77348,0.45724,2.17571,0.52792,0.80809,7.148e-05,7.148e-05,7.148e-05
976,8847.81,2.05149,0.52276,0.82141,0.84422,0.66161,0.77272,0.45766,2.17325,0.52773,0.80784,6.95e-05,6.95e-05,6.95e-05
977,8857.12,2.13463,0.53452,0.81903,0.84287,0.66034,0.77192,0.45678,2.17165,0.52704,0.80772,6.752e-05,6.752e-05,6.752e-05
978,8866.32,2.14039,0.52939,0.81797,0.83996,0.65946,0.77073,0.45613,2.17431,0.52728,0.80779,6.554e-05,6.554e-05,6.554e-05
979,8875.56,2.05001,0.52202,0.81988,0.83664,0.66161,0.77076,0.45518,2.17679,0.52768,0.80809,6.356e-05,6.356e-05,6.356e-05
980,8884.58,2.00729,0.5169,0.82085,0.83608,0.66333,0.77049,0.45354,2.1829,0.52932,0.80823,6.158e-05,6.158e-05,6.158e-05
981,8893.5,1.98898,0.51359,0.81749,0.83609,0.6637,0.77097,0.45346,2.18307,0.52907,0.80821,5.96e-05,5.96e-05,5.96e-05
982,8902.54,2.13278,0.5251,0.81784,0.83799,0.66415,0.77223,0.45422,2.17698,0.52801,0.80818,5.762e-05,5.762e-05,5.762e-05
983,8911.73,2.06656,0.51744,0.81758,0.83846,0.66376,0.77269,0.455,2.17633,0.5275,0.80816,5.564e-05,5.564e-05,5.564e-05
984,8920.61,1.94602,0.50468,0.82349,0.83819,0.6649,0.77355,0.45545,2.1737,0.52677,0.80816,5.366e-05,5.366e-05,5.366e-05
985,8929.76,2.06914,0.51999,0.82304,0.84012,0.6659,0.77473,0.45431,2.18036,0.52837,0.80796,5.168e-05,5.168e-05,5.168e-05
986,8938.85,2.1456,0.53479,0.82068,0.84045,0.66582,0.77465,0.4545,2.18467,0.52916,0.808,4.97e-05,4.97e-05,4.97e-05
987,8947.93,2.10987,0.53385,0.81982,0.84205,0.66698,0.77596,0.45442,2.18249,0.5288,0.80798,4.772e-05,4.772e-05,4.772e-05
988,8957.11,2.06591,0.52376,0.81921,0.84236,0.66773,0.77509,0.45482,2.17831,0.52826,0.80786,4.574e-05,4.574e-05,4.574e-05
989,8966.01,2.12272,0.53557,0.82016,0.84196,0.66573,0.77444,0.4548,2.17812,0.52709,0.80792,4.376e-05,4.376e-05,4.376e-05
990,8975.1,2.03837,0.519,0.81579,0.84305,0.66204,0.77266,0.45554,2.17441,0.52794,0.80779,4.178e-05,4.178e-05,4.178e-05
991,9147,2.02667,0.52342,0.82361,0.84299,0.66061,0.76997,0.4544,2.17183,0.52702,0.80775,3.98e-05,3.98e-05,3.98e-05
992,9155.42,2.04513,0.53075,0.81991,0.84042,0.66247,0.76918,0.45253,2.17073,0.5279,0.80775,3.782e-05,3.782e-05,3.782e-05
993,9163.88,2.06933,0.53823,0.82138,0.84477,0.65826,0.76634,0.44905,2.17992,0.53264,0.80785,3.584e-05,3.584e-05,3.584e-05
994,9172.29,1.99987,0.51708,0.81472,0.84222,0.65789,0.76544,0.44776,2.18748,0.53442,0.80794,3.386e-05,3.386e-05,3.386e-05
995,9180.71,2.05313,0.52529,0.8194,0.84388,0.65817,0.76604,0.44722,2.19428,0.53546,0.80812,3.188e-05,3.188e-05,3.188e-05
996,9189.29,1.96184,0.51355,0.81954,0.84352,0.65946,0.76723,0.44553,2.20934,0.53828,0.80837,2.99e-05,2.99e-05,2.99e-05
997,9197.69,1.97504,0.51228,0.81693,0.84301,0.65774,0.76608,0.4452,2.21174,0.53932,0.80849,2.792e-05,2.792e-05,2.792e-05
998,9206.2,1.97878,0.51296,0.82318,0.84285,0.6576,0.76601,0.44507,2.21914,0.54059,0.80849,2.594e-05,2.594e-05,2.594e-05
999,9214.75,1.91915,0.50573,0.82156,0.8445,0.65817,0.76653,0.44472,2.23234,0.54266,0.80889,2.396e-05,2.396e-05,2.396e-05
1000,9223.26,1.94764,0.50936,0.81861,0.84504,0.65817,0.76629,0.44417,2.2334,0.54303,0.809,2.198e-05,2.198e-05,2.198e-05
